date,close,change,volume,open,high,low
29/01/2026,106.1,1.6(1.53 %),14247700,105.0,107.2,103.7
28/01/2026,104.5,2.4(2.35 %),11949800,102.4,105.8,102.3
27/01/2026,102.1,3.6(3.65 %),10585500,99.6,102.5,99.1
26/01/2026,98.5,-2.5(-2.48 %),11183100,100.2,101.6,98.0
23/01/2026,101.0,-2.5(-2.42 %),9418000,103.6,104.6,101.0
22/01/2026,103.5,-1.5(-1.43 %),8095100,105.5,105.8,103.5
21/01/2026,105.0,0.9(0.86 %),14517300,103.2,106.5,101.1
20/01/2026,104.1,-1.7(-1.61 %),12213100,106.1,107.0,104.0
19/01/2026,105.8,0.5(0.47 %),14710500,108.7,108.7,105.5
16/01/2026,105.3,6.8(6.90 %),23871100,99.5,105.3,99.5
15/01/2026,98.5,-1.3(-1.30 %),7401400,99.8,101.7,98.4
14/01/2026,99.8,0.9(0.91 %),11900400,99.0,101.1,97.8
13/01/2026,98.9,-0.6(-0.60 %),9411100,99.7,101.7,97.9
12/01/2026,99.5,2.1(2.16 %),9076600,98.0,99.5,98.0
09/01/2026,97.4,0.9(0.93 %),10048700,96.1,99.9,96.0
08/01/2026,96.5,-1(-1.03 %),5576200,98.1,98.1,96.5
07/01/2026,97.5,3.5(3.72 %),11427400,94.1,97.6,94.0
06/01/2026,94.0,-1(-1.05 %),5397500,94.7,94.8,93.6
05/01/2026,95.0,-0.8(-0.84 %),7029300,95.7,95.7,93.2
31/12/2025,95.8,-0.7(-0.73 %),3082600,96.8,97.0,95.2
30/12/2025,96.5,2.2(2.33 %),7271200,94.5,96.6,94.3
29/12/2025,94.3,1.8(1.95 %),6300900,92.5,94.9,92.5
26/12/2025,92.5,-0.5(-0.54 %),6612400,92.7,93.0,91.0
25/12/2025,93.0,-0.6(-0.64 %),4565200,93.6,94.8,93.0
24/12/2025,93.6,-0.4(-0.43 %),3901500,94.1,94.2,93.1
23/12/2025,94.0,0.3(0.32 %),6006900,94.0,95.9,93.6
22/12/2025,93.7,-0.2(-0.21 %),6142400,94.1,94.3,93.5
19/12/2025,93.9,-0.5(-0.53 %),4492600,94.0,95.0,93.6
18/12/2025,94.4,-1.5(-1.56 %),4115500,95.5,95.6,93.9
17/12/2025,95.9,1(1.05 %),4967800,94.4,96.3,94.4
16/12/2025,94.9,1.1(1.17 %),6295300,93.9,95.4,92.0
15/12/2025,93.8,0.1(0.11 %),3524800,93.9,94.4,93.5
12/12/2025,93.7,-2.3(-2.40 %),5519800,96.0,96.0,93.5
11/12/2025,96.0,0.4(0.42 %),5201600,95.9,96.6,95.6
10/12/2025,95.6,-1.3(-1.34 %),3894100,97.1,97.1,95.6
09/12/2025,96.9,1.4(1.47 %),9961500,95.5,97.0,94.4
08/12/2025,95.5,-0.7(-0.73 %),5278600,96.6,97.3,95.5
05/12/2025,96.2,-1.3(-1.33 %),5062500,97.5,97.5,96.1
04/12/2025,97.5,0.9(0.93 %),7387500,96.6,98.5,96.6
03/12/2025,96.6,0(0.00 %),6475300,97.0,97.0,96.0
02/12/2025,96.6,0(0.00 %),5560800,96.8,97.3,95.4
01/12/2025,96.6,0.5(0.52 %),3125100,96.9,97.7,96.1
28/11/2025,83.57,-2.4(-2.41 %),6210400,99.1,99.4,97.1
27/11/2025,85.63,0.5(0.51 %),4780500,99.2,99.8,98.1
26/11/2025,85.2,-0.7(-0.70 %),5830900,99.8,100.2,98.9
25/11/2025,85.81,-0.5(-0.50 %),4494900,99.7,100.3,99.0
24/11/2025,86.24,-0.6(-0.60 %),5061800,100.7,101.1,99.6
21/11/2025,86.75,1.8(1.82 %),7936900,98.0,101.2,97.8
20/11/2025,85.2,1(1.02 %),4593100,98.6,99.7,98.1
19/11/2025,84.34,-2(-2.00 %),5169300,99.5,99.5,98.0
18/11/2025,86.06,-1(-0.99 %),6500100,101.0,101.1,98.8
17/11/2025,86.92,1(1.00 %),5585100,100.6,101.8,100.6
14/11/2025,86.06,1.1(1.11 %),4699900,98.9,100.9,98.2
13/11/2025,85.12,-1.7(-1.69 %),4757400,100.6,100.7,98.7
12/11/2025,86.58,4.5(4.68 %),6635300,96.5,100.6,96.5
11/11/2025,82.71,-0.1(-0.10 %),6624200,96.8,97.9,96.1
10/11/2025,82.79,-4.8(-4.75 %),10072600,101.2,101.2,96.2
07/11/2025,86.92,0.8(0.80 %),5863600,99.5,101.8,99.5
06/11/2025,86.24,-0.7(-0.69 %),6751800,100.9,102.0,99.4
05/11/2025,86.84,-2.4(-2.32 %),11741500,101.8,102.0,99.6
04/11/2025,88.9,-1.7(-1.62 %),10620700,104.1,104.7,101.7
03/11/2025,90.37,1.1(1.06 %),20963600,103.8,106.3,103.5
31/10/2025,89.42,1.2(1.17 %),14827100,102.6,103.9,101.0
30/10/2025,88.39,1(0.98 %),9730600,102.1,103.5,101.6
29/10/2025,87.53,-0.5(-0.49 %),9302800,102.4,103.2,101.1
28/10/2025,87.96,4.2(4.29 %),20912700,98.6,102.2,98.6
27/10/2025,84.34,0.3(0.31 %),12897800,99.0,99.7,96.3
24/10/2025,84.08,2.7(2.84 %),13759100,95.0,97.7,94.7
23/10/2025,81.76,-2(-2.06 %),6647600,97.2,97.3,94.0
22/10/2025,83.48,4(4.30 %),18311100,95.2,99.0,95.0
21/10/2025,80.04,6(6.90 %),19520200,89.0,93.0,88.5
20/10/2025,74.88,-1.1(-1.25 %),14580300,88.3,91.8,87.0
17/10/2025,75.82,-1.7(-1.89 %),8374400,90.1,91.5,88.1
16/10/2025,77.29,0.2(0.22 %),7928500,89.8,91.5,89.6
15/10/2025,77.11,-2.8(-3.03 %),18738600,92.6,93.1,89.5
14/10/2025,79.52,-1.6(-1.70 %),12659600,94.1,94.5,92.4
13/10/2025,80.9,-2.1(-2.19 %),7915000,94.9,94.9,93.7
10/10/2025,82.71,1.9(2.02 %),8587700,94.2,96.5,93.8
09/10/2025,81.07,-0.3(-0.32 %),5716300,95.0,95.0,93.5
08/10/2025,81.33,-1(-1.05 %),5132100,95.5,96.9,94.5
07/10/2025,82.19,0(0.00 %),5997500,96.0,96.3,95.2
06/10/2025,82.19,2.1(2.25 %),6580000,94.3,95.9,93.5
03/10/2025,80.38,1.3(1.41 %),7681300,92.2,94.0,92.1
02/10/2025,79.27,-1.3(-1.39 %),7933800,92.9,93.4,92.0
01/10/2025,80.38,0.4(0.43 %),7405100,93.2,94.5,91.4
30/09/2025,80.04,-2.5(-2.62 %),12018800,95.5,95.8,92.8
29/09/2025,82.19,-2(-2.05 %),10430900,97.8,97.8,95.5
26/09/2025,83.91,-0.5(-0.51 %),8080800,98.2,99.3,97.4
25/09/2025,84.34,-1.5(-1.51 %),8627700,99.5,99.5,97.9
24/09/2025,85.63,1.5(1.53 %),7421100,98.1,99.5,97.4
23/09/2025,84.34,-1.7(-1.71 %),18291200,100.0,100.0,97.5
22/09/2025,85.81,-3.3(-3.20 %),16280200,102.5,102.7,99.6
19/09/2025,88.65,0(0.00 %),23514300,103.8,103.8,100.5
18/09/2025,88.65,-2.5(-2.37 %),8198400,106.0,106.3,103.0
17/09/2025,90.8,2(1.93 %),20018000,104.0,107.8,104.0
16/09/2025,89.08,1.6(1.57 %),17531600,102.7,104.8,102.0
15/09/2025,87.7,0.3(0.30 %),14123100,101.9,103.5,101.5
12/09/2025,87.44,-0.4(-0.39 %),7447000,102.0,102.9,101.1
11/09/2025,87.79,0.8(0.79 %),7414200,101.2,102.9,100.5
10/09/2025,87.1,-0.9(-0.88 %),5498500,102.1,102.9,101.1
09/09/2025,87.87,0.2(0.20 %),6460700,102.0,103.0,101.0
08/09/2025,87.7,-1.5(-1.45 %),10600300,103.0,103.9,101.9
05/09/2025,88.99,-1.6(-1.52 %),8807800,105.2,105.5,103.4
04/09/2025,90.37,1.8(1.74 %),11033600,103.3,105.5,103.2
03/09/2025,88.82,1.6(1.57 %),9744200,102.0,103.3,100.0
29/08/2025,87.44,-2.9(-2.78 %),11090200,105.0,105.0,101.6
28/08/2025,89.94,-0.5(-0.48 %),6280200,105.1,105.1,102.8
27/08/2025,90.37,5(5.00 %),19436400,101.4,105.1,101.2
26/08/2025,86.06,1.2(1.21 %),5812500,98.8,100.0,97.9
25/08/2025,85.03,-0.2(-0.20 %),6736000,102.0,102.0,98.8
22/08/2025,85.2,-2.7(-2.65 %),7212000,101.6,101.6,98.8
21/08/2025,87.53,4(4.09 %),12624800,97.7,102.9,97.7
20/08/2025,84.08,-2.6(-2.59 %),19969500,100.1,100.3,97.5
19/08/2025,86.32,-0.2(-0.20 %),9153600,100.6,101.5,100.0
18/08/2025,86.49,-0.9(-0.89 %),11392300,101.4,103.0,100.0
15/08/2025,87.27,-2.4(-2.31 %),18622300,103.8,104.8,101.3
14/08/2025,89.33,-1.3(-1.24 %),17905400,105.8,105.8,103.7
13/08/2025,90.45,-2.4(-2.23 %),21845000,107.6,107.8,104.9
12/08/2025,92.52,1.1(1.03 %),11011800,107.4,108.2,106.6
11/08/2025,91.57,0.8(0.76 %),10278500,105.9,109.5,105.3
08/08/2025,90.88,-0.6(-0.56 %),9184800,106.5,107.4,104.8
07/08/2025,91.4,1.3(1.24 %),9565800,105.6,107.4,104.9
06/08/2025,90.28,-0.9(-0.85 %),11814200,106.0,106.2,104.5
05/08/2025,91.06,-0.8(-0.75 %),11395000,107.0,108.7,105.0
04/08/2025,91.74,-0.4(-0.37 %),4617800,106.5,106.6,104.8
01/08/2025,92.09,3(2.88 %),10891500,103.7,107.4,101.5
31/07/2025,89.51,-2.1(-1.98 %),8944200,106.1,106.9,103.8
30/07/2025,91.31,0.1(0.09 %),7488200,107.0,108.0,105.3
29/07/2025,91.23,-5.3(-4.76 %),16059500,111.3,111.6,106.0
28/07/2025,95.79,0.6(0.54 %),7611000,110.8,111.6,110.5
25/07/2025,95.27,-0.4(-0.36 %),5137000,111.1,111.5,110.5
24/07/2025,95.62,-0.7(-0.63 %),6420800,112.0,112.1,110.8
23/07/2025,96.22,-0.3(-0.27 %),4795100,112.3,112.8,111.3
22/07/2025,96.48,1.8(1.63 %),6889600,110.3,112.2,108.7
21/07/2025,94.93,0.7(0.64 %),7563700,112.4,112.4,110.3
18/07/2025,107.52,-1(-0.79 %),6494600,128.0,128.0,126.0
17/07/2025,108.37,0.7(0.55 %),8334200,126.7,129.1,126.0
16/07/2025,107.78,0.3(0.24 %),5063000,126.7,127.0,125.1
15/07/2025,107.52,-1.1(-0.87 %),5600000,126.6,127.8,126.0
14/07/2025,108.46,0.5(0.39 %),5978400,127.2,127.9,125.0
11/07/2025,108.03,2.7(2.18 %),10736000,125.0,128.0,124.6
10/07/2025,105.73,1.1(0.90 %),5180200,123.8,125.3,123.5
09/07/2025,104.79,-1.7(-1.37 %),12198400,124.8,124.9,122.3
08/07/2025,106.24,0.7(0.57 %),8064200,124.1,125.7,124.0
07/07/2025,105.64,1.3(1.06 %),6382800,123.3,124.7,123.0
04/07/2025,104.53,4.5(3.81 %),12825000,118.5,123.4,118.4
03/07/2025,100.69,-0.6(-0.51 %),6304300,118.5,119.8,117.8
02/07/2025,101.2,-0.2(-0.17 %),3661700,118.5,118.7,117.6
01/07/2025,101.38,0.6(0.51 %),4609400,119.0,119.5,118.2
30/06/2025,100.86,0.9(0.77 %),6859100,117.9,119.5,117.6
27/06/2025,100.1,0.3(0.26 %),5263200,117.0,118.3,116.9
26/06/2025,99.84,-0.1(-0.09 %),4132300,118.0,118.3,116.6
25/06/2025,99.92,0.6(0.52 %),6000700,117.0,119.4,117.0
24/06/2025,99.41,0.6(0.52 %),4271900,116.3,117.0,116.3
23/06/2025,98.9,-0.2(-0.17 %),4587300,115.5,116.3,114.5
20/06/2025,99.07,0.1(0.09 %),4339400,116.1,116.9,115.8
19/06/2025,98.99,-1(-0.85 %),5404900,117.0,117.1,115.7
18/06/2025,99.84,-1.8(-1.52 %),6556700,118.8,119.5,116.4
17/06/2025,101.38,-0.2(-0.17 %),4600300,119.0,119.3,118.2
16/06/2025,101.55,3.6(3.12 %),8069100,115.1,119.8,115.0
13/06/2025,98.47,-1.6(-1.37 %),6161700,116.0,116.5,114.9
12/06/2025,99.84,0.1(0.09 %),4153100,117.6,117.7,116.5
11/06/2025,99.91,2.2(1.90 %),5744300,116.1,118.2,116.1
10/06/2025,98.05,-0.5(-0.43 %),3359000,117.0,117.4,115.7
09/06/2025,98.47,1.2(1.04 %),3054700,115.5,116.9,115.0
06/06/2025,97.46,-1.8(-1.54 %),5383000,116.8,116.8,115.0
05/06/2025,98.98,-0.3(-0.26 %),2302800,117.1,117.3,116.5
04/06/2025,99.24,-0.3(-0.26 %),2873300,118.0,118.2,116.5
03/06/2025,99.49,1.3(1.12 %),3398600,116.7,118.0,116.3
02/06/2025,98.39,-0.4(-0.34 %),2916400,116.5,117.1,115.6
30/05/2025,98.73,-0.6(-0.51 %),4038000,118.0,118.2,116.5
29/05/2025,99.24,-1.3(-1.10 %),2933000,119.0,119.0,117.1
28/05/2025,100.34,-0.6(-0.50 %),3933600,119.2,119.4,117.5
27/05/2025,100.85,1.7(1.45 %),5498200,117.4,119.4,117.4
26/05/2025,99.4,0.2(0.17 %),4023400,116.7,117.8,115.0
23/05/2025,99.24,0.3(0.26 %),4440500,116.7,117.8,116.0
22/05/2025,98.98,-1.5(-1.27 %),6350700,117.1,117.6,115.6
21/05/2025,100.25,-0.9(-0.76 %),6024400,120.0,120.0,117.0
20/05/2025,101.01,1(0.85 %),7911300,116.8,119.3,116.8
19/05/2025,100.17,-2.8(-2.31 %),9916700,118.8,120.5,116.6
16/05/2025,102.54,-4(-3.20 %),8012200,124.5,124.7,120.9
15/05/2025,105.93,-1.3(-1.03 %),7806300,126.5,126.9,123.6
14/05/2025,107.03,6.8(5.69 %),12080300,120.0,126.3,120.0
13/05/2025,101.27,1.2(1.01 %),8565900,120.0,120.3,118.6
12/05/2025,100.25,2.3(1.98 %),8715200,117.0,118.7,116.7
09/05/2025,98.3,1.7(1.49 %),8496900,114.3,116.4,113.5
08/05/2025,96.86,4.6(4.19 %),12644900,110.4,114.6,109.0
07/05/2025,92.96,0(0.00 %),3926800,109.6,111.2,108.9
06/05/2025,92.96,1.1(1.01 %),5686200,108.6,111.0,108.6
05/05/2025,92.03,-0.8(-0.73 %),7167600,109.5,109.7,106.9
29/04/2025,92.71,-0.1(-0.09 %),2945500,109.6,110.5,109.1
28/04/2025,92.79,-2.9(-2.58 %),3853700,112.0,112.4,109.2
25/04/2025,95.25,0.4(0.36 %),5384100,112.0,112.4,110.2
24/04/2025,94.91,1.6(1.45 %),7740100,111.5,113.7,110.6
23/04/2025,93.56,0(0.00 %),5710800,111.7,111.7,107.7
22/04/2025,93.56,-1.3(-1.16 %),9127300,111.0,111.2,104.0
21/04/2025,94.66,0.1(0.09 %),4332300,112.0,112.5,110.0
18/04/2025,94.57,2.2(2.01 %),7485500,110.5,115.0,110.5
17/04/2025,92.71,1.5(1.39 %),8580100,105.0,111.3,104.9
16/04/2025,91.44,-8.1(-6.98 %),18032200,114.5,115.9,107.9
15/04/2025,98.3,-2.5(-2.11 %),7762400,116.1,117.0,113.7
14/04/2025,100.42,0(0.00 %),9217400,120.0,120.0,114.0
11/04/2025,100.42,5.9(5.24 %),19224000,117.0,118.5,114.3
10/04/2025,95.42,7.3(6.93 %),1005400,112.6,112.6,112.6
09/04/2025,89.24,0.2(0.19 %),16893300,97.8,108.0,97.8
08/04/2025,89.07,-7.9(-6.99 %),16276400,106.0,108.0,105.1
04/04/2025,95.76,-0.5(-0.44 %),21574500,105.6,113.9,105.6
03/04/2025,96.18,-8.5(-6.97 %),11484900,114.7,117.6,113.5
02/04/2025,103.39,1.5(1.24 %),3920200,121.2,122.3,120.8
01/04/2025,102.12,-0.5(-0.41 %),7824300,122.0,122.2,118.8
31/03/2025,102.54,-3(-2.42 %),5406300,123.4,123.4,121.0
28/03/2025,105.08,-2.2(-1.74 %),2944800,126.1,126.4,124.0
27/03/2025,106.95,3.2(2.60 %),6464400,122.0,126.5,121.1
26/03/2025,104.24,-3.5(-2.77 %),9734600,126.5,126.5,122.7
25/03/2025,107.2,-2.5(-1.94 %),5629200,129.8,129.9,126.5
24/03/2025,109.32,1(0.78 %),5090200,128.5,129.3,127.3
21/03/2025,108.47,3(2.40 %),6424800,125.0,129.0,125.0
20/03/2025,105.93,0.4(0.32 %),8203400,124.6,126.8,124.5
19/03/2025,105.59,-5.4(-4.15 %),18128400,130.1,130.6,123.5
18/03/2025,110.17,0(0.00 %),5508500,130.1,132.2,130.0
17/03/2025,110.17,-1.4(-1.07 %),6707000,131.6,132.1,129.6
14/03/2025,111.35,-5.1(-3.74 %),16094000,135.6,136.3,130.8
13/03/2025,115.68,0.6(0.44 %),3610200,136.1,138.0,136.1
12/03/2025,115.17,-1.6(-1.16 %),6185000,137.7,138.7,135.9
11/03/2025,116.52,-1.8(-1.29 %),5784400,138.0,138.5,137.0
10/03/2025,118.05,-2.1(-1.49 %),5323000,141.5,141.5,139.2
07/03/2025,119.83,-0.2(-0.14 %),2954500,141.7,142.7,141.1
06/03/2025,120.0,2.5(1.80 %),6417100,139.5,143.5,139.5
05/03/2025,117.88,-0.9(-0.64 %),2851100,140.0,140.1,139.1
04/03/2025,118.64,-0.5(-0.36 %),3471300,139.5,140.6,139.3
03/03/2025,119.07,0.2(0.14 %),2533900,140.5,141.4,140.3
28/02/2025,118.9,-1(-0.71 %),4694400,140.1,141.1,139.0
27/02/2025,119.74,-0.5(-0.35 %),3421700,142.0,142.2,140.7
26/02/2025,120.17,2.8(2.01 %),3323400,139.1,141.8,138.9
25/02/2025,117.79,-1.5(-1.07 %),6810400,140.4,140.4,138.2
24/02/2025,119.07,-1.5(-1.06 %),7497900,142.0,142.0,139.5
21/02/2025,120.34,-1(-0.70 %),5312600,142.8,142.9,141.5
20/02/2025,121.18,-1(-0.69 %),3385400,144.2,144.6,143.0
19/02/2025,122.03,0.1(0.07 %),3029800,143.9,144.9,143.1
18/02/2025,121.95,0.3(0.21 %),1664400,143.8,144.4,143.1
17/02/2025,121.69,-1.3(-0.90 %),2466300,145.0,145.0,143.4
14/02/2025,122.79,1.8(1.26 %),3251700,144.0,145.0,143.6
13/02/2025,121.27,-1.9(-1.31 %),2850800,145.0,145.0,142.7
12/02/2025,122.88,-0.4(-0.28 %),1887400,145.6,145.7,144.3
11/02/2025,123.22,3.4(2.39 %),5361400,142.2,145.4,140.1
10/02/2025,120.34,-4.1(-2.81 %),7749600,145.5,145.5,142.0
07/02/2025,123.81,-0.4(-0.27 %),3865900,146.5,146.7,145.8
06/02/2025,124.15,0.2(0.14 %),3426600,147.0,147.3,145.6
05/02/2025,123.98,0.1(0.07 %),5204100,146.9,147.5,145.8
04/02/2025,123.9,0.7(0.48 %),5467700,146.0,147.0,145.3
24/01/2025,130.0,-0.9(-0.58 %),3655700,154.1,154.5,153.4
23/01/2025,130.76,4.6(3.07 %),7057800,150.1,156.0,150.0
22/01/2025,126.86,-0.2(-0.13 %),2785600,149.6,150.6,149.2
21/01/2025,127.03,-0.1(-0.07 %),2480300,150.5,151.4,149.0
20/01/2025,127.12,1(0.67 %),2217700,149.0,150.4,148.2
17/01/2025,126.27,2.5(1.71 %),3537000,146.6,150.1,146.0
16/01/2025,124.15,1(0.69 %),3568000,146.2,147.0,145.2
15/01/2025,123.3,0.4(0.28 %),2840900,146.0,146.5,144.8
14/01/2025,122.96,-2.5(-1.69 %),2897200,147.6,148.0,145.1
13/01/2025,125.08,0.3(0.20 %),3488800,146.1,148.5,144.7
10/01/2025,124.83,-1.5(-1.01 %),2524700,148.8,149.1,147.2
09/01/2025,126.1,0.5(0.34 %),1714400,148.3,149.2,148.0
08/01/2025,125.68,-1.8(-1.20 %),3879900,150.0,150.0,148.1
07/01/2025,127.2,0.8(0.54 %),3453300,149.5,151.3,149.5
06/01/2025,126.52,0.3(0.20 %),3467100,149.1,150.2,148.4
03/01/2025,126.27,-3(-1.97 %),4336100,151.3,151.3,149.0
02/01/2025,128.81,-0.5(-0.33 %),3172800,152.5,152.7,150.1
31/12/2024,129.23,2(1.33 %),3603200,150.7,153.9,150.3
30/12/2024,127.54,0.9(0.60 %),1982400,149.4,150.8,148.5
27/12/2024,126.78,-0.2(-0.13 %),2561700,149.5,149.9,148.7
26/12/2024,126.95,-1(-0.66 %),2233300,151.0,151.4,149.1
25/12/2024,127.79,0.4(0.27 %),2513100,150.6,151.2,150.4
24/12/2024,127.45,0.6(0.40 %),2300900,150.0,150.8,149.4
23/12/2024,126.95,0.3(0.20 %),2514800,149.5,149.9,148.7
20/12/2024,126.69,1.4(0.95 %),3538900,148.5,150.6,148.3
19/12/2024,125.51,-0.6(-0.40 %),4805200,147.3,149.0,147.2
18/12/2024,126.01,0.7(0.47 %),2923400,148.0,149.8,148.0
17/12/2024,125.42,-1.9(-1.27 %),5947500,150.1,150.5,147.7
16/12/2024,127.03,0.4(0.27 %),3291100,149.6,150.6,149.5
13/12/2024,126.69,-0.7(-0.47 %),3379800,149.5,150.9,149.4
12/12/2024,127.29,-0.3(-0.20 %),4147900,151.9,151.9,149.2
11/12/2024,127.54,1(0.67 %),4816600,150.0,151.7,149.7
10/12/2024,126.69,2.5(1.70 %),3597200,147.1,149.5,147.0
09/12/2024,124.57,-2.5(-1.67 %),4539000,149.2,149.5,146.1
06/12/2024,126.69,1(0.67 %),4541200,151.9,151.9,148.0
05/12/2024,125.84,5(3.48 %),4849200,144.0,148.5,143.6
04/12/2024,121.61,-1.5(-1.03 %),5609100,145.0,146.3,142.8
03/12/2024,122.88,2.8(1.97 %),5103700,141.7,145.9,141.7
02/12/2024,120.51,-1.1(-0.77 %),6616800,144.3,146.0,141.6
29/11/2024,105.61,4.9(3.52 %),11586700,139.4,145.4,139.0
28/11/2024,102.02,0.5(0.36 %),4742700,139.4,140.0,138.3
27/11/2024,101.65,3.7(2.74 %),9814300,135.2,139.7,135.2
26/11/2024,98.95,1.3(0.97 %),4176100,133.4,135.9,133.3
25/11/2024,97.99,0(0.00 %),1849700,134.0,134.0,133.2
22/11/2024,97.99,0.9(0.68 %),2915900,132.9,134.4,132.5
21/11/2024,97.34,0.6(0.45 %),3176700,132.4,133.0,131.0
20/11/2024,96.9,2.4(1.85 %),8460300,130.0,132.4,126.7
19/11/2024,95.14,-4(-2.99 %),7642800,133.5,133.6,129.9
18/11/2024,98.07,0.1(0.07 %),3903400,134.0,134.6,132.5
15/11/2024,97.99,-2.1(-1.54 %),6563600,135.3,135.7,132.6
14/11/2024,99.53,-1.8(-1.31 %),4736300,137.9,139.9,136.0
13/11/2024,100.85,1(0.73 %),3455400,136.7,138.1,136.1
12/11/2024,100.12,-1.5(-1.08 %),2914700,138.6,138.9,135.9
11/11/2024,101.21,2.5(1.84 %),5292000,136.5,139.5,136.0
08/11/2024,99.39,0.7(0.52 %),2106300,136.1,136.8,135.1
07/11/2024,98.87,0.5(0.37 %),3570500,135.3,137.6,134.2
06/11/2024,98.51,2(1.51 %),1801500,133.1,134.6,133.0
05/11/2024,97.04,-0.2(-0.15 %),1657100,133.0,134.0,132.3
04/11/2024,97.19,-1.8(-1.34 %),3182900,134.6,134.6,132.7
01/11/2024,98.51,-1.3(-0.96 %),2667500,135.0,135.0,133.6
31/10/2024,99.46,0(0.00 %),1241700,135.9,136.0,135.3
30/10/2024,99.46,0.5(0.37 %),1709800,135.4,135.9,135.2
29/10/2024,99.09,0.5(0.37 %),2459200,135.4,135.5,134.8
28/10/2024,98.73,0.9(0.67 %),1506000,134.1,135.0,133.6
25/10/2024,98.07,-0.3(-0.22 %),1839000,134.3,134.6,133.6
24/10/2024,98.29,0.1(0.07 %),2277200,134.2,134.3,133.8
23/10/2024,98.21,1.1(0.83 %),3015100,132.9,134.8,132.6
22/10/2024,97.41,-2.4(-1.77 %),6009200,135.7,135.7,133.0
21/10/2024,99.17,-1.5(-1.09 %),2681300,137.0,137.7,135.5
18/10/2024,100.26,0(0.00 %),2169400,137.4,137.8,136.6
17/10/2024,100.26,0.7(0.51 %),2579200,136.5,137.1,135.5
16/10/2024,99.75,-0.7(-0.51 %),2756000,136.4,137.1,136.0
15/10/2024,100.26,-0.6(-0.44 %),2860800,137.6,138.6,136.6
14/10/2024,100.7,-2(-1.43 %),5605300,141.1,141.3,137.1
11/10/2024,102.17,-2.1(-1.48 %),3813600,142.0,142.8,139.6
10/10/2024,103.7,6.3(4.65 %),9952200,135.8,142.0,135.8
09/10/2024,99.09,1.6(1.20 %),2619900,134.3,135.8,134.3
08/10/2024,97.92,-0.3(-0.22 %),2108600,134.1,135.1,133.6
07/10/2024,98.14,0(0.00 %),1330500,134.2,134.9,133.6
04/10/2024,98.14,0.1(0.07 %),1468400,134.3,134.8,133.5
03/10/2024,98.07,-1.4(-1.03 %),2300800,135.4,136.1,134.0
02/10/2024,99.09,-0.5(-0.37 %),1719800,134.6,135.9,134.6
01/10/2024,99.46,1.4(1.04 %),4725900,134.7,136.2,134.7
30/09/2024,98.43,0.3(0.22 %),3030500,134.2,134.5,133.0
27/09/2024,98.21,-0.1(-0.07 %),3352800,134.3,134.4,133.5
26/09/2024,98.29,-0.5(-0.37 %),2815600,135.0,135.0,133.9
25/09/2024,98.65,0.3(0.22 %),4479900,134.3,134.8,133.6
24/09/2024,98.43,0.5(0.37 %),2011400,134.0,134.7,133.7
23/09/2024,98.07,-1.3(-0.96 %),2441200,135.9,135.9,133.4
20/09/2024,99.02,0.1(0.07 %),3719700,136.3,137.0,135.0
19/09/2024,98.95,0.6(0.45 %),5154300,135.0,135.8,134.3
18/09/2024,98.51,1.7(1.28 %),5379600,133.4,135.2,132.9
17/09/2024,97.26,1.8(1.37 %),2651400,131.2,132.9,131.2
16/09/2024,95.95,-1.9(-1.43 %),1915700,131.8,133.0,131.1
13/09/2024,97.34,0.7(0.53 %),3186800,132.2,133.4,132.0
12/09/2024,96.82,1.7(1.30 %),4118000,131.0,132.5,131.0
11/09/2024,95.58,0.6(0.46 %),3190400,130.0,131.3,129.8
10/09/2024,95.14,-1.3(-0.99 %),4195100,131.0,131.0,129.6
09/09/2024,96.09,-0.8(-0.61 %),2885200,130.8,131.9,130.1
06/09/2024,96.68,1.5(1.15 %),3821400,130.5,132.9,130.3
05/09/2024,95.58,-2.4(-1.80 %),8055600,133.0,133.0,129.7
04/09/2024,97.34,-1.8(-1.34 %),4535200,133.0,133.0,131.5
30/08/2024,98.65,1.1(0.82 %),3315800,133.5,134.9,133.0
29/08/2024,97.85,0.4(0.30 %),2092700,132.8,133.8,132.2
28/08/2024,97.56,0.8(0.60 %),2711500,133.0,134.5,132.9
27/08/2024,96.97,1(0.76 %),2338500,131.5,132.6,130.4
26/08/2024,96.24,-1.6(-1.20 %),2590300,133.3,133.5,131.5
23/08/2024,97.41,-0.7(-0.52 %),3055000,133.7,133.7,132.4
22/08/2024,97.92,0.3(0.22 %),3020500,134.0,134.5,133.5
21/08/2024,97.7,2(1.52 %),6119700,130.6,133.8,130.6
20/08/2024,96.24,1(0.77 %),3741400,130.7,132.5,130.7
19/08/2024,95.51,-0.1(-0.08 %),2498400,131.1,131.4,130.0
16/08/2024,95.58,1.9(1.48 %),5093600,129.1,131.0,129.1
15/08/2024,94.19,-0.8(-0.62 %),2257600,129.1,129.5,128.2
14/08/2024,94.77,-0.2(-0.15 %),2862200,130.7,131.5,129.5
13/08/2024,94.92,-0.3(-0.23 %),4097900,129.7,130.2,128.0
12/08/2024,95.14,3.1(2.44 %),6183500,126.9,130.2,126.2
09/08/2024,92.87,5.5(4.53 %),5496400,122.4,126.9,122.0
08/08/2024,88.85,-0.6(-0.49 %),2654900,121.6,122.4,120.9
07/08/2024,89.29,1.2(0.99 %),2822800,121.0,122.0,120.2
06/08/2024,88.41,2.2(1.85 %),6728100,120.0,121.9,119.8
05/08/2024,86.8,-4.6(-3.73 %),10415200,121.1,122.9,117.4
02/08/2024,90.16,-1.6(-1.28 %),9944700,122.1,124.8,121.0
01/08/2024,91.33,-3.8(-2.95 %),6870300,129.6,129.7,124.1
31/07/2024,94.12,0.6(0.47 %),2869200,127.3,128.6,126.6
30/07/2024,93.68,-1(-0.78 %),2373800,129.0,129.5,127.0
29/07/2024,94.41,1(0.78 %),4859800,130.0,130.6,129.0
26/07/2024,93.68,3(2.40 %),3951100,125.9,128.0,124.4
25/07/2024,91.48,-1(-0.79 %),2563400,124.2,125.5,124.1
24/07/2024,92.21,0.5(0.40 %),4151700,125.5,126.6,124.0
23/07/2024,91.85,1.4(1.13 %),5311600,124.9,127.5,124.8
22/07/2024,90.82,-1.9(-1.51 %),6216900,126.0,126.0,123.2
19/07/2024,92.21,-1.9(-1.49 %),6551700,128.6,129.3,126.0
18/07/2024,93.6,-4(-3.03 %),10800200,131.4,131.4,127.8
17/07/2024,96.53,-2.1(-1.57 %),6970100,134.0,134.1,129.9
16/07/2024,98.07,1.3(0.98 %),4002300,133.6,134.5,132.3
15/07/2024,97.12,-1.1(-0.82 %),3067200,133.5,134.8,132.3
12/07/2024,97.92,0.8(0.60 %),3553400,132.2,136.0,132.2
11/07/2024,97.34,-1(-0.75 %),6842100,134.1,135.4,132.5
10/07/2024,98.07,-3.5(-2.55 %),6294700,136.0,137.0,134.0
09/07/2024,100.63,-2.1(-1.50 %),9676100,139.1,139.3,136.0
08/07/2024,102.17,0.9(0.65 %),5865700,138.5,139.6,137.5
05/07/2024,101.51,2.9(2.14 %),7789400,136.1,139.7,136.1
04/07/2024,99.39,4.8(3.66 %),8117900,132.1,135.8,132.1
03/07/2024,95.87,3(2.34 %),7634100,130.5,132.8,130.1
02/07/2024,93.68,-0.6(-0.47 %),6720600,128.6,132.1,127.5
01/07/2024,94.12,-1.9(-1.46 %),6376000,130.4,130.4,128.5
28/06/2024,95.51,-2.3(-1.73 %),6633000,132.8,132.8,130.4
27/06/2024,97.19,1(0.76 %),6403700,131.3,134.1,130.8
26/06/2024,96.46,1.8(1.38 %),7147400,131.0,131.8,129.4
25/06/2024,95.14,-2.1(-1.59 %),13706800,131.0,131.1,128.6
24/06/2024,96.68,-4(-2.94 %),13186900,135.0,135.5,132.0
21/06/2024,99.6,2.8(2.10 %),7653300,133.9,136.1,133.3
20/06/2024,97.56,1.8(1.37 %),10465700,133.0,135.7,131.8
19/06/2024,96.24,3.5(2.73 %),9669200,128.0,132.8,126.6
18/06/2024,93.68,-0.8(-0.62 %),6680000,128.8,129.7,128.0
17/06/2024,94.26,-2.2(-1.68 %),4867600,131.0,131.4,128.5
14/06/2024,95.87,1(0.77 %),6406200,130.1,132.6,129.0
13/06/2024,95.14,-2(-1.52 %),8136200,133.7,133.8,130.0
12/06/2024,96.6,5.48(4.33 %),11215500,127.9,132.7,127.8
11/06/2024,105.97,2.5(1.74 %),6327300,144.3,146.5,143.1
10/06/2024,104.16,2(1.41 %),3775400,143.5,145.0,143.0
07/06/2024,102.72,2.4(1.72 %),3756900,141.0,142.0,140.5
06/06/2024,100.98,-0.5(-0.36 %),5211800,140.3,141.7,138.8
05/06/2024,101.34,1(0.72 %),6321600,140.0,144.9,139.7
04/06/2024,100.62,2.2(1.61 %),7009800,139.0,139.3,137.8
03/06/2024,99.03,2.3(1.71 %),7773600,135.0,137.6,134.7
31/05/2024,97.36,-0.4(-0.30 %),2633500,135.0,136.8,133.8
30/05/2024,97.65,-0.7(-0.52 %),7261300,133.8,135.0,131.9
29/05/2024,98.16,-1.3(-0.95 %),5837600,137.1,138.2,134.8
28/05/2024,99.1,4.2(3.16 %),4625300,134.0,137.0,133.1
27/05/2024,96.06,0.9(0.68 %),5157800,133.0,133.5,130.6
24/05/2024,95.41,-5.6(-4.07 %),13375600,138.0,138.0,130.6
23/05/2024,99.46,-0.5(-0.36 %),3621500,137.5,137.8,135.0
22/05/2024,99.82,2(1.47 %),4511800,137.9,139.7,136.1
21/05/2024,98.38,3(2.26 %),3471900,134.0,136.0,133.5
20/05/2024,96.21,-1.5(-1.12 %),2013500,135.2,136.1,133.0
17/05/2024,97.29,-0.9(-0.66 %),2306400,135.4,136.0,133.7
16/05/2024,97.94,1.3(0.97 %),3119000,135.6,137.3,134.2
15/05/2024,97.0,3.6(2.76 %),3653100,131.5,134.5,131.3
14/05/2024,94.4,0.8(0.62 %),2304600,130.0,131.7,129.6
13/05/2024,93.82,-1.3(-0.99 %),1852200,131.3,131.5,128.8
10/05/2024,94.76,0.7(0.54 %),3789700,131.3,132.2,129.2
09/05/2024,94.25,-0.7(-0.53 %),2203300,130.6,132.8,130.0
08/05/2024,94.76,-0.3(-0.23 %),3017800,130.1,131.0,129.3
07/05/2024,94.98,3.7(2.90 %),3122800,128.0,131.6,127.2
06/05/2024,92.3,1.7(1.35 %),2704600,126.5,127.6,124.5
03/05/2024,91.07,-1.4(-1.10 %),3191200,128.1,128.4,125.6
02/05/2024,92.08,4.1(3.33 %),3469300,123.8,129.0,123.5
26/04/2024,89.12,0(0.00 %),3396500,123.0,125.4,122.2
25/04/2024,89.12,3.1(2.58 %),5707700,122.5,128.0,121.9
24/04/2024,86.88,7.8(6.95 %),10158700,113.6,120.1,113.2
23/04/2024,81.23,2(1.81 %),4037600,110.9,113.3,109.9
22/04/2024,79.79,1.3(1.19 %),2397300,110.0,111.4,108.9
19/04/2024,78.85,-2.8(-2.50 %),5361100,110.5,111.2,109.0
17/04/2024,80.87,-1.2(-1.06 %),1943300,113.1,113.1,111.6
16/04/2024,81.74,1.4(1.25 %),3642700,112.0,113.2,111.5
15/04/2024,80.73,-3.9(-3.38 %),3701900,115.5,115.6,111.5
12/04/2024,83.55,0.6(0.52 %),1367300,115.9,115.9,114.3
11/04/2024,83.11,1.1(0.97 %),1549400,113.5,115.4,113.3
10/04/2024,82.32,0.8(0.71 %),1791100,113.5,115.6,113.3
09/04/2024,81.74,0.4(0.36 %),1432500,112.6,113.2,112.5
08/04/2024,81.45,-1.1(-0.97 %),1952000,113.7,113.7,112.6
05/04/2024,82.25,-0.3(-0.26 %),2759000,113.1,114.7,112.6
04/04/2024,82.46,-1.1(-0.96 %),2359500,115.0,115.8,114.0
03/04/2024,83.26,-1.9(-1.62 %),2549000,116.1,117.0,115.1
02/04/2024,84.63,0.2(0.17 %),2285800,115.4,117.0,115.4
01/04/2024,84.49,0.3(0.26 %),1974600,116.0,117.6,115.2
29/03/2024,84.27,-0.6(-0.51 %),1343500,116.4,117.2,116.0
28/03/2024,84.71,1.9(1.65 %),2803200,115.9,117.4,115.3
27/03/2024,83.33,0.2(0.17 %),1320200,114.7,115.3,114.1
26/03/2024,83.19,1(0.88 %),1693300,114.0,115.5,113.6
25/03/2024,82.46,-0.9(-0.78 %),2794400,114.1,115.1,113.8
22/03/2024,83.11,-1.3(-1.12 %),2414800,116.3,116.3,114.5
21/03/2024,84.05,1.7(1.48 %),3757800,115.2,116.2,114.6
20/03/2024,82.82,2.5(2.23 %),3475700,112.3,115.0,111.1
19/03/2024,81.02,-1(-0.88 %),3315400,113.0,113.0,111.1
18/03/2024,81.74,-3(-2.59 %),5884600,115.8,115.8,111.1
15/03/2024,83.91,-1(-0.85 %),3838400,116.8,116.8,114.5
14/03/2024,84.63,0(0.00 %),3463000,118.5,118.5,115.7
13/03/2024,84.63,5.1(4.56 %),5114200,112.8,117.0,112.0
12/03/2024,80.94,1.9(1.73 %),2907800,110.0,113.5,110.0
11/03/2024,79.57,0(0.00 %),3381500,110.0,113.5,110.0
08/03/2024,79.57,-1.3(-1.17 %),3115600,111.3,112.6,109.5
07/03/2024,80.51,2.2(2.02 %),4037600,109.1,113.9,108.2
06/03/2024,78.85,-1.7(-1.54 %),2491100,110.0,110.4,108.7
05/03/2024,80.08,-0.7(-0.63 %),3383000,111.4,111.4,109.9
04/03/2024,80.58,0.6(0.54 %),3087100,111.0,111.8,110.8
01/03/2024,80.15,1.8(1.65 %),4019400,109.2,111.4,109.1
29/02/2024,78.85,0.5(0.46 %),2824800,108.2,109.4,107.7
28/02/2024,78.48,0.6(0.56 %),3461700,108.0,108.5,106.3
27/02/2024,78.05,-0.1(-0.09 %),2800800,108.5,109.5,107.4
26/02/2024,78.12,4.1(3.95 %),4466700,103.9,108.0,103.5
23/02/2024,75.16,-0.7(-0.67 %),4103500,105.5,106.7,103.3
22/02/2024,75.66,-1.3(-1.23 %),1718700,105.9,106.0,104.6
21/02/2024,76.6,1.6(1.53 %),3137500,104.0,106.9,103.5
20/02/2024,75.45,-0.7(-0.67 %),1844300,105.2,105.2,104.0
19/02/2024,75.95,-0.1(-0.10 %),2031800,105.5,107.0,105.0
16/02/2024,76.03,1.1(1.06 %),2066000,104.0,105.1,103.8
15/02/2024,75.23,-0.9(-0.86 %),2248400,105.2,105.5,103.8
07/02/2024,75.88,0.8(0.77 %),2125400,104.7,105.0,103.9
06/02/2024,75.3,0.6(0.58 %),1884300,103.6,105.0,102.9
05/02/2024,74.87,1.5(1.47 %),2694400,102.0,104.1,101.9
02/02/2024,73.78,2.1(2.10 %),2876100,100.2,102.2,100.1
01/02/2024,72.26,4.2(4.39 %),7793700,95.9,99.9,95.7
31/01/2024,69.23,0.1(0.10 %),1381500,95.6,96.0,95.5
30/01/2024,69.15,-0.3(-0.31 %),949000,95.9,95.9,95.4
29/01/2024,69.37,0(0.00 %),1060700,95.9,96.1,95.3
26/01/2024,69.37,0.8(0.84 %),925400,95.5,96.2,95.3
25/01/2024,68.79,0.1(0.11 %),845100,95.1,95.7,94.8
24/01/2024,68.72,-0.6(-0.63 %),1722100,95.8,95.8,94.9
23/01/2024,69.15,-0.8(-0.83 %),1480400,96.1,96.4,95.4
22/01/2024,69.73,0.1(0.10 %),1108000,96.8,96.8,95.8
19/01/2024,69.66,0.7(0.73 %),1493200,96.0,96.9,95.7
18/01/2024,69.15,-0.1(-0.10 %),1136900,95.7,96.0,95.2
17/01/2024,69.23,0(0.00 %),1414000,95.6,96.0,95.0
16/01/2024,69.23,0.3(0.31 %),810000,94.7,95.7,94.7
15/01/2024,69.01,0.7(0.74 %),1312200,95.0,95.9,94.9
12/01/2024,68.5,-0.3(-0.32 %),2597000,94.8,95.6,94.1
11/01/2024,68.72,0.3(0.32 %),1370900,94.7,95.4,94.7
10/01/2024,68.5,-1.9(-1.97 %),3302500,96.7,96.9,94.5
09/01/2024,69.88,-0.7(-0.72 %),1211700,97.3,97.3,96.6
08/01/2024,70.38,-0.1(-0.10 %),1443000,97.4,98.3,97.1
05/01/2024,70.46,0.2(0.21 %),1138600,97.3,97.5,96.5
04/01/2024,70.31,0.9(0.93 %),2973900,96.3,98.4,96.2
03/01/2024,69.66,0.4(0.42 %),1436900,95.6,96.5,95.4
02/01/2024,69.37,-0.2(-0.21 %),1714500,96.9,96.9,95.7
29/12/2023,69.51,-0.5(-0.52 %),1866600,96.6,97.0,96.1
28/12/2023,69.88,-0.3(-0.31 %),1196600,97.0,97.0,96.3
27/12/2023,70.09,-0.3(-0.31 %),1355900,97.4,97.8,96.9
26/12/2023,70.31,1.2(1.25 %),3359900,96.5,98.6,96.4
25/12/2023,69.44,1.4(1.48 %),2017000,94.9,96.2,94.8
22/12/2023,68.43,-0.5(-0.53 %),1275400,95.0,95.1,94.4
21/12/2023,68.79,0.4(0.42 %),1756800,94.6,95.1,94.0
20/12/2023,68.5,0.1(0.11 %),1349500,94.3,95.0,94.1
19/12/2023,68.43,0.6(0.64 %),1250400,93.9,94.6,93.6
18/12/2023,68.0,-2.2(-2.29 %),2266500,95.9,96.2,93.7
15/12/2023,69.59,0(0.00 %),1474300,96.2,96.3,95.0
14/12/2023,69.59,1(1.05 %),1712300,95.8,96.4,95.2
13/12/2023,68.86,-1.6(-1.65 %),2148100,97.4,97.4,95.2
12/12/2023,70.02,1.8(1.89 %),4084900,95.4,96.8,95.3
11/12/2023,68.72,0.8(0.85 %),1564500,95.5,95.7,94.6
08/12/2023,68.14,-0.1(-0.11 %),1745800,94.3,95.1,93.5
07/12/2023,68.21,-0.7(-0.74 %),3761200,95.1,95.3,92.8
06/12/2023,68.72,0.2(0.21 %),1220700,95.0,95.4,94.1
05/12/2023,68.57,1.2(1.28 %),3590200,93.8,95.8,93.7
04/12/2023,67.71,1.2(1.30 %),3462300,92.6,94.0,92.6
01/12/2023,66.84,0.5(0.54 %),1190800,92.2,92.9,91.3
30/11/2023,66.48,0.2(0.22 %),1982400,91.4,93.7,91.3
29/11/2023,66.33,0.6(0.66 %),801500,91.6,92.0,91.1
28/11/2023,65.9,0.4(0.44 %),1090700,90.8,91.9,89.9
27/11/2023,65.61,-0.5(-0.55 %),1659500,91.4,91.4,90.1
24/11/2023,65.97,0.4(0.44 %),2248500,90.8,92.0,90.2
23/11/2023,65.68,-2.2(-2.37 %),2165700,93.3,93.7,90.8
22/11/2023,67.27,1.1(1.20 %),3271700,91.9,93.1,91.9
21/11/2023,66.48,1.2(1.32 %),1460700,92.0,92.0,90.7
20/11/2023,65.61,-0.3(-0.33 %),1656500,90.1,92.6,89.1
17/11/2023,65.83,-2(-2.15 %),3567900,93.4,93.5,90.6
16/11/2023,67.27,0.6(0.65 %),1906300,92.2,93.0,91.6
15/11/2023,66.84,-0.2(-0.22 %),2417600,93.7,93.8,92.0
14/11/2023,66.98,1.2(1.31 %),1997800,92.0,93.4,91.3
13/11/2023,66.12,-0.1(-0.11 %),1532100,91.6,92.0,90.5
10/11/2023,66.19,-1(-1.08 %),2406500,91.5,92.7,91.3
09/11/2023,66.91,-0.1(-0.11 %),2110200,92.0,93.3,91.8
08/11/2023,66.98,4.3(4.87 %),2943200,88.2,92.6,88.0
07/11/2023,63.87,-0.2(-0.23 %),1340200,88.5,88.8,87.9
06/11/2023,64.02,1.5(1.72 %),1210100,88.2,88.9,87.8
03/11/2023,62.93,-2(-2.25 %),4842300,89.0,89.2,87.0
02/11/2023,64.38,3.6(4.22 %),2204000,86.4,89.0,85.9
01/11/2023,61.77,2.4(2.89 %),2175200,84.3,85.4,82.6
31/10/2023,60.04,-2(-2.35 %),3087200,85.1,85.3,83.0
30/10/2023,61.49,-2(-2.30 %),1869500,87.0,87.1,85.0
27/10/2023,62.93,0.2(0.23 %),2034800,87.5,88.0,86.3
26/10/2023,62.79,-4.1(-4.51 %),5909500,88.3,89.9,86.0
25/10/2023,65.75,-1.1(-1.20 %),1836500,91.8,92.7,90.9
24/10/2023,66.55,1(1.10 %),1612400,92.4,92.4,90.8
23/10/2023,65.83,-1.9(-2.05 %),1971700,93.8,93.8,90.8
20/10/2023,67.2,0.9(0.98 %),2863200,92.5,93.0,90.1
19/10/2023,66.55,-1(-1.08 %),3029400,94.0,94.3,92.0
18/10/2023,67.27,-0.1(-0.11 %),6142800,94.9,94.9,91.0
17/10/2023,67.34,-3.7(-3.82 %),2420100,97.8,97.8,93.1
16/10/2023,70.02,0.7(0.73 %),4974600,96.8,98.9,96.3
13/10/2023,69.51,-0.3(-0.31 %),2362100,96.0,96.3,95.3
12/10/2023,69.73,-0.6(-0.62 %),1881200,97.0,97.8,96.0
11/10/2023,70.17,0.7(0.73 %),2358200,95.9,98.0,95.9
10/10/2023,69.66,0.7(0.73 %),3255500,96.5,97.2,95.4
09/10/2023,69.15,2.9(3.13 %),3657000,92.4,95.6,92.2
06/10/2023,67.06,1.1(1.20 %),1147700,91.5,92.8,91.0
05/10/2023,66.26,-0.9(-0.97 %),1369100,92.8,93.3,91.6
04/10/2023,66.91,0.3(0.33 %),1591700,91.3,93.4,91.3
03/10/2023,66.69,-1(-1.07 %),2006900,92.2,93.5,91.5
02/10/2023,67.42,0.4(0.43 %),1137500,93.4,93.8,92.0
29/09/2023,67.13,-1.2(-1.28 %),1635300,94.0,94.9,92.8
28/09/2023,68.0,-0.3(-0.32 %),1764400,94.1,94.3,91.4
27/09/2023,68.21,0.8(0.86 %),4510400,93.9,94.3,90.4
26/09/2023,67.63,-0.8(-0.85 %),2154100,94.2,95.5,93.1
25/09/2023,68.21,-2.4(-2.48 %),2097100,97.0,97.6,94.3
22/09/2023,69.95,-0.1(-0.10 %),6861000,95.1,97.0,92.6
21/09/2023,70.02,-1.7(-1.73 %),3419000,98.5,98.9,96.3
20/09/2023,71.25,0.1(0.10 %),2444800,98.8,99.7,98.5
19/09/2023,71.18,1.5(1.55 %),3583600,96.8,98.4,95.9
18/09/2023,70.09,-0.6(-0.62 %),2026900,96.9,96.9,95.7
15/09/2023,70.53,1.6(1.67 %),2134800,96.0,97.8,95.3
14/09/2023,69.37,-2.1(-2.14 %),2319700,98.0,98.0,95.5
13/09/2023,70.89,-0.9(-0.91 %),2889300,98.9,99.0,97.4
12/09/2023,71.54,1.5(1.54 %),2680700,97.4,98.9,97.4
11/09/2023,70.46,-0.2(-0.20 %),5149800,98.7,99.5,95.3
08/09/2023,70.6,-0.3(-0.31 %),2115600,97.5,98.5,97.0
07/09/2023,70.82,-1.1(-1.11 %),3249600,99.0,100.8,97.6
06/09/2023,71.61,2.2(2.27 %),2491000,97.1,99.0,96.3
05/09/2023,70.02,0.1(0.10 %),1439600,97.1,98.7,96.8
31/08/2023,69.95,0.1(0.10 %),1403700,96.6,97.5,96.1
30/08/2023,69.88,3(3.21 %),2360700,93.2,98.2,93.1
29/08/2023,67.71,-0.4(-0.43 %),1547400,94.0,94.0,92.8
28/08/2023,68.0,3.4(3.75 %),2950700,92.0,94.3,91.0
25/08/2023,65.54,0.6(0.67 %),2791400,89.5,91.0,89.1
24/08/2023,65.1,4.5(5.26 %),5251600,85.5,90.1,85.1
23/08/2023,53.78,0(0.00 %),1418500,86.4,86.8,84.7
22/08/2023,53.78,0.6(0.70 %),2330300,86.3,86.5,83.0
21/08/2023,53.41,0.4(0.47 %),2452800,85.9,86.7,85.5
18/08/2023,53.16,-0.5(-0.58 %),4243700,85.6,87.9,84.3
17/08/2023,53.47,0.9(1.06 %),3693800,85.0,87.2,85.0
16/08/2023,52.91,1.1(1.31 %),2595400,83.2,85.2,83.2
15/08/2023,52.23,1.4(1.69 %),1675600,82.6,84.3,81.5
14/08/2023,51.35,0.6(0.73 %),1014100,82.1,83.2,82.0
11/08/2023,50.98,-0.2(-0.24 %),1142900,82.0,83.0,81.5
10/08/2023,51.11,-0.9(-1.08 %),1343300,83.1,83.3,82.2
09/08/2023,51.67,-1.1(-1.31 %),982700,84.0,84.7,83.0
08/08/2023,52.35,-0.3(-0.36 %),636000,84.0,84.6,83.8
07/08/2023,52.54,1.2(1.44 %),752500,83.6,84.5,83.3
04/08/2023,51.79,-0.4(-0.48 %),1618900,84.0,84.5,83.3
03/08/2023,52.04,0.2(0.24 %),907900,83.8,84.2,82.9
02/08/2023,51.91,-1(-1.18 %),996300,84.5,84.8,83.5
01/08/2023,52.54,-1.1(-1.29 %),1287300,85.6,86.3,84.5
31/07/2023,53.22,1.2(1.42 %),1471500,84.7,85.8,84.4
28/07/2023,52.47,0.7(0.84 %),898400,83.5,84.4,83.1
27/07/2023,52.04,1(1.21 %),1417700,82.8,84.4,82.8
26/07/2023,51.42,1.4(1.72 %),1270800,81.2,82.7,81.1
25/07/2023,50.55,0.3(0.37 %),1056900,81.0,82.2,81.0
24/07/2023,50.36,0(0.00 %),1172700,81.0,81.3,80.6
21/07/2023,50.36,0.7(0.87 %),1273600,79.7,81.0,79.6
20/07/2023,49.92,1.8(2.29 %),2294300,78.6,81.3,78.5
19/07/2023,48.81,-0.2(-0.25 %),708600,78.5,78.9,78.3
18/07/2023,48.93,-0.3(-0.38 %),718300,79.0,79.0,78.1
17/07/2023,49.12,0.7(0.89 %),1153300,79.0,79.2,78.5
14/07/2023,48.68,2.5(3.30 %),2822800,76.9,78.3,76.1
13/07/2023,47.13,0.5(0.66 %),1252400,75.8,75.8,75.4
12/07/2023,46.82,0.3(0.40 %),904900,75.0,75.7,74.9
11/07/2023,46.63,-0.3(-0.40 %),1091300,75.3,75.4,75.0
10/07/2023,46.82,0(0.00 %),1154300,75.3,75.9,74.9
07/07/2023,46.82,0.7(0.94 %),896300,74.2,75.5,74.2
06/07/2023,46.38,-0.2(-0.27 %),1517000,74.8,75.2,74.0
05/07/2023,46.51,0(0.00 %),1787300,75.1,76.5,74.8
04/07/2023,53.47,0.6(0.69 %),1328100,86.4,87.0,86.2
03/07/2023,53.1,0.4(0.47 %),1039600,86.5,86.8,86.0
30/06/2023,52.85,-0.5(-0.58 %),733500,86.5,86.6,86.0
29/06/2023,53.16,-0.5(-0.57 %),562400,87.0,87.1,86.5
28/06/2023,53.47,-0.3(-0.34 %),964900,87.4,87.8,87.0
27/06/2023,53.65,1.5(1.75 %),1540400,86.0,87.3,86.0
26/06/2023,52.73,0.7(0.82 %),859400,85.1,85.8,84.6
23/06/2023,52.3,-0.4(-0.47 %),822000,85.6,85.6,84.8
22/06/2023,52.55,-0.3(-0.35 %),1019700,86.1,86.5,84.7
21/06/2023,52.73,0.3(0.35 %),705800,85.5,86.4,85.4
20/06/2023,52.55,0.8(0.94 %),944500,85.0,85.8,84.7
19/06/2023,52.05,0.2(0.24 %),663200,84.7,85.5,84.5
16/06/2023,51.93,0.4(0.48 %),2231500,84.1,86.2,83.4
15/06/2023,51.69,-0.1(-0.12 %),798600,84.2,84.4,83.6
14/06/2023,51.75,-0.2(-0.24 %),658600,84.3,84.8,84.1
13/06/2023,51.87,-0.5(-0.59 %),466800,84.4,84.9,84.3
12/06/2023,52.18,0.3(0.35 %),519700,84.5,84.9,83.6
09/06/2023,51.99,1(1.20 %),680200,84.3,84.7,83.7
08/06/2023,51.38,-1.4(-1.65 %),1244500,84.7,84.9,83.5
07/06/2023,52.24,-0.3(-0.35 %),705800,85.0,85.4,84.3
06/06/2023,52.42,0.3(0.35 %),514000,85.3,85.3,84.7
05/06/2023,52.24,1.2(1.43 %),1425500,83.9,85.2,83.8
02/06/2023,51.5,0.3(0.36 %),735900,83.5,84.3,83.1
01/06/2023,51.32,-0.6(-0.71 %),537300,84.0,84.0,83.1
31/05/2023,51.69,0.1(0.12 %),839400,84.2,84.2,83.1
30/05/2023,51.62,0.9(1.08 %),1659100,83.0,84.9,82.9
29/05/2023,51.07,0(0.00 %),879600,83.5,83.7,82.9
26/05/2023,51.07,-0.1(-0.12 %),864400,83.1,83.4,82.3
25/05/2023,51.13,1.9(2.34 %),1341300,81.2,83.4,81.0
24/05/2023,49.97,-0.7(-0.85 %),464300,82.0,82.1,81.1
23/05/2023,50.4,-0.5(-0.61 %),656500,82.5,82.5,81.4
22/05/2023,50.7,-0.3(-0.36 %),561000,82.8,82.8,82.0
19/05/2023,50.89,-0.1(-0.12 %),1073600,83.0,83.3,81.8
18/05/2023,50.95,1.4(1.72 %),1549800,81.8,83.0,81.4
17/05/2023,50.09,0(0.00 %),976200,81.9,82.7,81.1
16/05/2023,50.09,0.5(0.62 %),766500,81.0,81.7,80.8
15/05/2023,49.78,0.5(0.62 %),934700,81.4,81.8,80.8
12/05/2023,49.47,1.4(1.77 %),1083100,79.3,80.6,78.8
11/05/2023,48.61,0.1(0.13 %),475900,79.1,79.6,79.0
10/05/2023,48.55,0.1(0.13 %),632500,79.0,79.6,79.0
09/05/2023,48.49,0.4(0.51 %),605900,78.6,79.8,78.6
08/05/2023,48.24,0.1(0.13 %),362900,78.5,78.9,78.4
05/05/2023,48.18,-0.1(-0.13 %),319200,78.6,78.6,78.2
04/05/2023,48.24,1(1.29 %),497200,77.8,78.7,77.6
28/04/2023,47.63,-0.8(-1.02 %),945600,78.8,78.8,77.5
27/04/2023,48.12,0(0.00 %),221000,78.1,78.8,78.1
26/04/2023,48.12,-0.1(-0.13 %),772000,78.1,78.4,77.6
25/04/2023,48.18,-0.7(-0.88 %),540000,79.1,79.3,78.3
24/04/2023,48.61,-0.2(-0.25 %),794500,79.5,80.6,79.0
21/04/2023,48.74,-0.1(-0.13 %),324000,80.0,80.0,79.3
20/04/2023,48.8,0.1(0.13 %),364400,79.8,79.8,79.2
19/04/2023,48.74,-0.1(-0.13 %),419800,79.8,79.8,79.3
18/04/2023,48.8,-0.2(-0.25 %),301600,79.6,80.0,79.2
17/04/2023,48.92,0(0.00 %),449900,79.6,79.7,79.0
14/04/2023,48.92,0(0.00 %),398800,79.9,80.1,79.3
13/04/2023,48.92,-0.7(-0.87 %),540500,80.3,80.4,79.3
12/04/2023,49.35,0(0.00 %),574700,80.3,80.5,79.9
11/04/2023,49.35,0(0.00 %),534000,80.2,80.5,80.1
10/04/2023,49.35,-0.2(-0.25 %),769800,81.0,81.0,80.1
07/04/2023,49.47,0.2(0.25 %),359800,80.2,80.7,80.0
06/04/2023,49.35,-0.3(-0.37 %),612900,80.7,81.5,80.3
05/04/2023,49.53,0.1(0.12 %),422000,80.5,80.6,79.7
04/04/2023,49.47,-0.4(-0.49 %),584600,80.9,81.0,80.0
03/04/2023,49.72,1.8(2.28 %),1170200,79.4,80.9,79.1
31/03/2023,48.61,0(0.00 %),671600,79.1,79.5,79.0
30/03/2023,48.61,0.1(0.13 %),408400,79.0,79.3,78.8
29/03/2023,48.55,-0.2(-0.25 %),404500,79.2,79.3,78.6
28/03/2023,48.67,0.1(0.13 %),1000400,79.2,79.2,77.5
27/03/2023,48.61,0.5(0.64 %),767200,78.9,79.2,78.5
24/03/2023,48.31,0.6(0.77 %),366700,78.3,78.8,78.0
23/03/2023,47.94,-0.5(-0.64 %),356600,78.4,78.5,77.6
22/03/2023,48.24,0.4(0.51 %),610400,78.2,78.6,77.6
21/03/2023,48.0,0.5(0.64 %),536200,78.6,78.7,77.1
20/03/2023,47.69,-1.4(-1.77 %),769800,79.1,79.3,77.6
17/03/2023,48.55,-0.2(-0.25 %),429400,79.6,80.0,78.6
16/03/2023,48.67,-1.3(-1.61 %),850000,80.0,80.0,78.4
15/03/2023,49.47,1.8(2.29 %),691800,79.1,80.5,79.1
14/03/2023,48.37,-0.2(-0.25 %),427400,79.0,79.1,78.5
13/03/2023,48.49,-0.6(-0.75 %),886500,78.1,79.4,78.1
10/03/2023,48.86,-1.1(-1.36 %),640900,80.2,80.4,79.0
09/03/2023,49.53,1.1(1.38 %),640300,79.5,80.7,79.2
08/03/2023,48.86,0.7(0.89 %),510600,78.5,79.5,78.5
07/03/2023,48.43,0.6(0.77 %),792000,79.1,79.9,78.8
06/03/2023,48.06,-0.3(-0.38 %),817200,78.1,79.8,78.1
03/03/2023,48.24,-1.5(-1.88 %),740800,79.3,80.0,78.5
02/03/2023,49.17,-0.5(-0.62 %),430800,80.0,80.5,79.8
01/03/2023,49.47,0(0.00 %),1376400,79.5,80.5,78.7
28/02/2023,49.47,0.2(0.25 %),524300,80.0,80.7,79.5
27/02/2023,49.35,-0.5(-0.62 %),1015400,80.0,80.5,79.9
24/02/2023,49.66,-0.6(-0.74 %),559200,81.1,81.3,80.4
23/02/2023,50.03,-0.4(-0.49 %),1160500,81.7,81.7,80.6
22/02/2023,50.27,-1(-1.21 %),747200,82.3,82.5,81.8
21/02/2023,50.89,0(0.00 %),840000,82.8,83.7,82.6
20/02/2023,50.89,1.2(1.47 %),1275100,81.6,83.0,81.4
17/02/2023,50.15,0(0.00 %),467600,81.2,81.6,81.0
16/02/2023,50.15,0(0.00 %),424200,81.6,82.0,80.7
15/02/2023,50.15,0.8(0.99 %),645200,80.5,81.9,80.3
14/02/2023,49.66,0.1(0.12 %),619700,80.7,81.0,80.2
13/02/2023,49.6,0(0.00 %),613200,80.7,81.2,80.0
10/02/2023,49.6,0(0.00 %),725000,81.1,81.2,80.5
09/02/2023,49.6,-0.5(-0.62 %),743000,81.0,81.6,80.7
08/02/2023,49.9,0.5(0.62 %),669700,80.8,81.7,80.6
07/02/2023,49.6,0.2(0.25 %),750800,80.5,81.9,80.5
06/02/2023,49.47,0.4(0.50 %),944400,80.0,81.6,79.7
03/02/2023,49.23,-1.8(-2.20 %),1729000,82.0,82.0,80.1
02/02/2023,50.33,-0.1(-0.12 %),1325200,82.1,82.4,81.3
01/02/2023,50.4,-1.5(-1.80 %),1048300,84.0,84.0,81.8
31/01/2023,51.32,-0.2(-0.24 %),1529100,83.5,83.7,81.7
30/01/2023,51.44,-0.3(-0.36 %),891000,84.2,84.4,83.7
27/01/2023,51.62,0.1(0.12 %),1140700,84.1,85.5,84.0
19/01/2023,51.56,0.5(0.60 %),1327200,83.0,84.2,82.9
18/01/2023,51.26,1.4(1.71 %),954600,82.1,83.4,81.8
17/01/2023,50.4,1.2(1.49 %),978200,81.2,82.0,81.0
16/01/2023,49.66,0.8(1.00 %),574500,80.1,81.0,79.7
13/01/2023,49.17,-0.7(-0.87 %),628300,80.5,81.2,80.0
12/01/2023,49.6,-0.2(-0.25 %),542500,81.0,81.5,80.2
11/01/2023,49.72,0.5(0.62 %),1076900,80.4,81.6,80.4
10/01/2023,49.41,0.1(0.12 %),752700,80.7,81.3,80.2
09/01/2023,49.35,0(0.00 %),518900,80.5,80.9,79.9
06/01/2023,49.35,-0.3(-0.37 %),719400,80.4,81.1,80.2
05/01/2023,49.53,0.6(0.75 %),1012600,80.2,81.5,80.2
04/01/2023,49.17,0(0.00 %),794300,80.8,81.0,79.3
03/01/2023,49.17,3.1(4.03 %),1535200,76.9,80.0,76.8
30/12/2022,47.26,0.7(0.92 %),628600,76.2,76.9,76.0
29/12/2022,46.83,-0.5(-0.65 %),655300,76.5,77.0,76.2
28/12/2022,47.14,0.2(0.26 %),589200,77.0,77.0,76.0
27/12/2022,47.02,0.1(0.13 %),805200,76.4,77.5,76.0
26/12/2022,46.95,-1.6(-2.05 %),832500,77.7,78.1,76.4
23/12/2022,47.94,0.8(1.04 %),1221000,76.4,78.0,76.2
22/12/2022,47.45,0(0.00 %),657800,77.2,77.5,76.0
21/12/2022,47.45,0.6(0.78 %),544100,77.2,77.4,75.7
20/12/2022,47.08,0(0.00 %),785800,77.2,77.2,75.4
19/12/2022,47.08,-1.3(-1.67 %),1026200,78.3,78.3,76.6
16/12/2022,47.88,0.2(0.26 %),910900,77.0,78.0,76.4
15/12/2022,47.75,1.4(1.83 %),1170500,76.4,78.1,76.4
14/12/2022,46.89,-0.9(-1.17 %),1158000,77.2,77.5,76.1
13/12/2022,47.45,0.2(0.26 %),899700,76.2,77.3,75.2
12/12/2022,47.32,-1(-1.28 %),1213500,77.6,78.2,76.4
09/12/2022,47.94,1(1.30 %),987500,76.3,78.0,76.2
08/12/2022,47.32,0.5(0.65 %),1267300,76.9,78.8,75.6
07/12/2022,47.02,0.5(0.66 %),1029400,75.9,76.6,74.8
06/12/2022,46.71,-2.3(-2.94 %),1537700,78.3,78.9,76.0
05/12/2022,48.12,0.9(1.16 %),1216400,78.0,79.0,77.4
02/12/2022,47.57,2.7(3.61 %),2901400,74.7,77.7,74.0
01/12/2022,45.91,0.1(0.13 %),1776500,75.1,75.8,74.1
30/11/2022,45.85,0.3(0.40 %),911500,74.5,74.9,73.5
29/11/2022,45.66,0(0.00 %),1143800,74.9,74.9,73.0
28/11/2022,45.66,2.3(3.19 %),1146800,72.4,74.5,72.3
25/11/2022,44.25,1.5(2.13 %),1267400,70.6,72.0,70.5
24/11/2022,43.33,0(0.00 %),788400,69.8,71.0,69.4
23/11/2022,43.33,0(0.00 %),465900,70.0,71.0,69.7
22/11/2022,43.33,0.4(0.57 %),1176300,70.0,72.0,69.1
21/11/2022,43.08,-1.4(-1.96 %),840500,69.5,71.8,69.5
18/11/2022,43.94,0.5(0.70 %),1261700,70.1,72.0,69.2
17/11/2022,43.64,1.7(2.45 %),1546300,69.3,72.0,64.5
16/11/2022,42.59,3.4(5.16 %),3050400,61.3,70.0,61.3
15/11/2022,40.5,-4.9(-6.92 %),3114900,70.0,70.0,65.9
14/11/2022,43.51,-2(-2.75 %),1639000,72.0,72.4,70.0
11/11/2022,44.74,-0.2(-0.27 %),1002900,73.1,73.6,72.0
10/11/2022,44.86,-1(-1.35 %),1595200,73.5,73.7,69.1
09/11/2022,45.48,0.7(0.95 %),697700,73.3,74.3,73.3
08/11/2022,45.05,0.7(0.96 %),945000,71.5,73.9,71.4
07/11/2022,44.62,-0.3(-0.41 %),1572400,72.6,74.0,72.6
04/11/2022,44.8,-1.2(-1.62 %),1646800,74.0,74.0,71.5
03/11/2022,45.54,0.1(0.14 %),622400,74.5,75.7,73.7
02/11/2022,45.48,-1.5(-1.99 %),978200,75.2,76.0,74.0
01/11/2022,46.4,-0.1(-0.13 %),561500,76.3,76.8,75.0
31/10/2022,46.46,0.6(0.80 %),1084700,75.0,76.0,73.7
28/10/2022,46.09,-0.8(-1.06 %),875800,76.3,76.3,74.7
27/10/2022,46.58,2(2.71 %),935900,74.1,76.2,73.7
26/10/2022,45.36,0.6(0.82 %),625100,74.5,74.5,72.7
25/10/2022,44.99,2.1(2.95 %),1564600,71.4,74.5,71.1
24/10/2022,43.7,-2.8(-3.79 %),1426100,73.9,74.5,71.0
21/10/2022,45.42,-3.9(-5.01 %),1564900,77.7,77.7,73.9
20/10/2022,47.81,2.3(3.05 %),1730300,75.8,78.5,75.3
19/10/2022,46.4,0.6(0.80 %),1023700,74.9,76.2,74.7
18/10/2022,46.03,1.1(1.49 %),879000,74.0,75.3,74.0
17/10/2022,45.36,-0.2(-0.27 %),707400,73.5,73.9,72.6
14/10/2022,45.48,1(1.37 %),844200,74.4,74.5,73.6
13/10/2022,44.86,0.6(0.83 %),829200,72.2,73.0,71.5
12/10/2022,44.5,1.4(1.97 %),1463100,71.0,73.3,71.0
11/10/2022,43.64,-3(-4.05 %),1593600,74.0,74.0,71.0
10/10/2022,45.48,0(0.00 %),1625600,73.5,75.5,72.1
07/10/2022,45.48,-2.5(-3.27 %),2061000,76.2,76.2,74.0
06/10/2022,47.02,-1.9(-2.42 %),1266700,78.9,78.9,76.5
05/10/2022,48.18,0.9(1.16 %),971900,79.0,79.5,78.4
04/10/2022,47.63,0.5(0.65 %),2040000,78.0,79.0,77.2
03/10/2022,47.32,-3.5(-4.35 %),1245600,79.6,80.3,76.4
30/09/2022,49.47,3.5(4.55 %),2109900,77.0,80.8,76.9
29/09/2022,47.32,-1(-1.28 %),1303900,79.8,80.1,77.0
28/09/2022,47.94,-2.5(-3.11 %),2048400,80.1,80.4,78.0
27/09/2022,49.47,-1(-1.23 %),932900,82.0,82.0,80.5
26/09/2022,50.09,-0.9(-1.09 %),1863600,81.5,82.0,80.3
23/09/2022,50.64,-0.5(-0.60 %),840600,83.1,83.1,82.1
22/09/2022,50.95,0.6(0.73 %),1172400,82.0,83.0,81.9
21/09/2022,50.58,-1.1(-1.32 %),775400,83.3,83.3,82.3
20/09/2022,51.26,0.3(0.36 %),575000,83.1,83.8,82.3
19/09/2022,51.07,0.6(0.73 %),1783700,82.5,83.6,81.9
16/09/2022,50.7,-1.2(-1.43 %),1360100,83.7,83.9,82.5
15/09/2022,51.44,-0.3(-0.36 %),780500,84.5,84.5,83.7
14/09/2022,51.62,-0.6(-0.71 %),1309200,83.5,84.5,83.5
13/09/2022,51.99,0(0.00 %),1046400,85.0,85.3,84.3
12/09/2022,51.99,0.3(0.36 %),716000,85.1,85.2,84.3
09/09/2022,51.81,0(0.00 %),1145400,84.6,85.0,84.3
08/09/2022,51.81,0.3(0.36 %),1135600,84.1,85.0,83.8
07/09/2022,51.62,-1.8(-2.10 %),2236400,85.5,85.9,84.0
06/09/2022,52.73,-0.4(-0.46 %),1171600,86.0,86.4,85.8
05/09/2022,52.98,-0.4(-0.46 %),1020900,86.5,86.7,85.9
31/08/2022,53.22,0.2(0.23 %),1173700,85.8,87.0,85.8
30/08/2022,53.1,-0.1(-0.12 %),1153200,86.5,87.0,86.0
29/08/2022,53.16,-0.7(-0.80 %),2228000,87.0,87.0,84.7
26/08/2022,53.59,0.9(1.04 %),1936600,86.4,87.8,86.3
25/08/2022,53.04,0.1(0.12 %),1143900,86.2,86.7,86.0
24/08/2022,52.98,0.2(0.23 %),1008000,86.5,86.8,86.1
23/08/2022,44.15,0.2(0.23 %),1085700,86.1,87.0,86.1
22/08/2022,44.05,-0.1(-0.12 %),1634000,86.6,87.3,85.9
19/08/2022,44.1,-1.4(-1.59 %),1957600,88.0,88.5,86.2
18/08/2022,44.81,0(0.00 %),2552900,87.9,89.7,87.9
17/08/2022,44.81,-0.4(-0.45 %),1506200,89.0,89.1,88.0
16/08/2022,45.02,-0.2(-0.22 %),1382800,88.9,89.4,88.1
15/08/2022,45.12,2.4(2.77 %),3085000,86.6,89.1,86.6
12/08/2022,43.9,0.5(0.58 %),1243100,85.7,86.5,85.7
11/08/2022,43.65,0(0.00 %),1852800,86.2,86.8,85.7
10/08/2022,43.65,-0.2(-0.23 %),1121400,86.3,86.7,86.0
09/08/2022,43.75,0.2(0.23 %),2320800,86.0,87.5,85.7
08/08/2022,43.65,0.2(0.23 %),1586800,85.9,86.4,85.3
05/08/2022,43.55,-0.3(-0.35 %),1773100,86.1,87.2,85.6
04/08/2022,43.7,1.3(1.53 %),3046800,85.1,86.6,84.9
03/08/2022,43.04,-0.2(-0.24 %),2249500,85.0,85.2,84.2
02/08/2022,43.14,1(1.19 %),1879700,84.0,85.1,83.5
01/08/2022,42.63,0.5(0.60 %),1815100,84.0,84.2,83.1
29/07/2022,42.38,-1.4(-1.65 %),1941800,85.1,85.2,83.5
28/07/2022,43.09,-0.3(-0.35 %),1664800,85.2,85.8,83.1
27/07/2022,43.24,0.4(0.47 %),771100,84.6,85.2,84.4
26/07/2022,43.04,-0.6(-0.70 %),1128800,86.0,86.0,84.8
25/07/2022,43.34,0.3(0.35 %),2245900,87.0,87.0,85.1
22/07/2022,43.19,0.1(0.12 %),1307200,86.4,86.5,85.1
21/07/2022,43.14,0.1(0.12 %),1804200,85.9,85.9,84.5
20/07/2022,43.09,1.9(2.29 %),2848900,85.0,85.9,84.0
19/07/2022,42.12,0(0.00 %),1185400,82.9,83.0,82.2
18/07/2022,42.12,0.8(0.97 %),1264900,82.8,84.5,82.3
15/07/2022,41.72,-0.6(-0.72 %),1382300,84.0,84.0,82.2
14/07/2022,42.02,0.3(0.36 %),891300,82.8,83.5,82.2
13/07/2022,41.87,-1(-1.20 %),1140700,84.0,84.0,82.5
12/07/2022,42.38,0.7(0.85 %),602800,82.8,83.5,82.7
11/07/2022,42.02,-0.8(-0.96 %),998100,84.6,84.6,82.8
08/07/2022,42.43,0.5(0.60 %),910400,83.9,84.0,83.1
07/07/2022,42.17,-0.4(-0.48 %),1286300,83.9,84.6,83.1
06/07/2022,42.38,-1.9(-2.22 %),2232400,84.1,85.9,83.5
05/07/2022,43.34,-1.3(-1.50 %),1395600,87.8,87.8,85.4
04/07/2022,44.0,-1.3(-1.48 %),1005500,88.5,88.5,86.0
01/07/2022,44.66,1.8(2.09 %),1696500,87.0,88.8,84.8
30/06/2022,43.75,-3.8(-4.22 %),1506500,89.5,89.9,86.2
29/06/2022,45.68,0.3(0.33 %),1182600,88.9,90.0,88.2
28/06/2022,45.52,3.2(3.70 %),2296600,89.5,90.2,87.2
27/06/2022,43.9,1(1.17 %),1254800,86.4,87.9,85.9
24/06/2022,43.39,0(0.00 %),902400,86.1,87.8,85.5
23/06/2022,43.39,1(1.18 %),2022500,84.0,86.8,83.7
22/06/2022,42.89,-4.6(-5.16 %),2971400,89.8,90.4,84.4
21/06/2022,45.22,-2.9(-3.15 %),2460200,92.4,93.5,89.0
20/06/2022,46.69,0(0.00 %),2483900,93.5,94.5,91.3
17/06/2022,46.69,0(0.00 %),2321400,90.3,92.6,89.0
16/06/2022,46.69,1.5(1.66 %),2517500,91.0,93.8,90.2
15/06/2022,45.93,1.4(1.57 %),1762600,90.6,90.6,88.0
14/06/2022,45.22,2.9(3.36 %),2308300,86.0,89.9,85.5
13/06/2022,43.75,-4.6(-5.07 %),3393300,88.0,90.8,86.0
10/06/2022,55.24,-5.3(-4.60 %),2972500,113.4,114.7,110.0
09/06/2022,57.9,0.3(0.26 %),1706300,115.5,115.9,113.3
08/06/2022,57.75,-0.6(-0.52 %),2660400,116.3,117.6,114.5
07/06/2022,58.05,2.6(2.30 %),3908000,112.7,115.6,108.6
06/06/2022,56.75,-1(-0.88 %),2558200,114.0,116.0,112.0
03/06/2022,57.25,2.5(2.24 %),1755900,111.5,114.0,110.9
02/06/2022,55.99,-0.3(-0.27 %),2292800,112.8,114.8,111.1
01/06/2022,56.14,1.9(1.73 %),2036500,109.9,112.9,109.8
31/05/2022,55.19,-1.4(-1.26 %),2157000,111.3,111.3,107.5
30/05/2022,55.89,-0.5(-0.45 %),2496900,111.1,112.4,109.2
27/05/2022,56.14,6.2(5.87 %),3878400,105.6,112.0,105.5
26/05/2022,53.03,0.6(0.57 %),1426400,105.2,107.1,104.6
25/05/2022,52.73,6.8(6.92 %),3770800,99.5,105.0,98.7
24/05/2022,49.31,1.7(1.76 %),1384700,96.5,98.2,96.0
23/05/2022,48.46,-1(-1.03 %),1136900,98.2,98.2,96.1
20/05/2022,48.96,0.5(0.52 %),1410400,97.7,98.9,97.0
19/05/2022,48.71,-0.7(-0.72 %),1228600,95.1,97.7,95.1
18/05/2022,49.06,-2(-2.01 %),1934400,99.7,100.1,97.5
17/05/2022,50.07,6.5(6.97 %),2045800,93.0,99.7,92.5
16/05/2022,46.8,-0.4(-0.43 %),1740900,97.5,97.5,93.2
13/05/2022,47.0,-2(-2.09 %),4103700,96.1,99.0,93.1
12/05/2022,48.01,-6.3(-6.18 %),2591500,99.3,101.9,95.0
11/05/2022,51.17,3.5(3.56 %),1667700,98.0,101.9,96.8
10/05/2022,49.42,4.4(4.68 %),2816700,94.0,98.8,92.0
09/05/2022,47.21,-6.2(-6.19 %),4499100,98.3,99.0,94.0
06/05/2022,50.32,-4.5(-4.30 %),2430900,102.3,104.0,100.2
05/05/2022,52.58,0.2(0.19 %),2194900,104.6,105.5,101.9
04/05/2022,52.48,-0.5(-0.48 %),1598400,104.9,105.9,104.1
29/04/2022,52.73,-0.5(-0.47 %),3991500,105.0,107.1,104.2
28/04/2022,52.98,2.5(2.43 %),2530400,102.9,106.8,102.5
27/04/2022,51.73,-1.3(-1.25 %),2529700,102.5,104.0,100.5
26/04/2022,52.38,0.9(0.87 %),5431400,100.2,105.0,97.0
25/04/2022,51.93,-7.7(-6.93 %),4605900,110.1,110.9,103.4
22/04/2022,55.79,-0.9(-0.80 %),5708900,112.5,113.9,106.0
21/04/2022,56.25,0(0.00 %),4068500,111.2,115.9,111.2
20/04/2022,56.25,0(0.00 %),3295000,112.0,113.0,109.6
19/04/2022,56.25,-3.5(-3.03 %),4731000,116.5,117.0,112.0
18/04/2022,58.0,0.5(0.43 %),3356100,115.0,118.6,114.0
15/04/2022,57.75,-1.6(-1.37 %),3121400,115.1,117.9,114.0
14/04/2022,58.56,1.5(1.30 %),3529400,115.2,118.9,115.2
13/04/2022,57.8,5.3(4.83 %),3322800,110.0,115.1,109.8
12/04/2022,55.14,1.3(1.20 %),3162100,109.0,111.5,106.6
08/04/2022,54.49,-4.8(-4.24 %),4069700,113.3,113.9,108.5
07/04/2022,56.9,0.3(0.27 %),3915200,113.7,116.9,112.1
06/04/2022,56.75,4(3.67 %),4179000,108.4,114.0,108.4
05/04/2022,54.74,-0.3(-0.27 %),1863900,109.1,111.6,109.0
04/04/2022,54.89,-1.7(-1.53 %),2687800,113.5,113.5,109.3
01/04/2022,55.74,4(3.74 %),4317300,106.9,111.0,106.1
31/03/2022,53.73,1(0.94 %),3472300,105.5,110.6,104.6
30/03/2022,53.23,1.1(1.05 %),2830700,105.8,107.3,104.5
29/03/2022,52.68,6.8(6.93 %),8224300,98.6,104.9,98.6
28/03/2022,49.26,2.4(2.51 %),3501600,95.5,98.7,95.2
25/03/2022,48.06,-0.3(-0.31 %),1228100,96.1,96.5,95.6
24/03/2022,48.21,-0.5(-0.52 %),1823700,96.0,97.2,95.3
23/03/2022,48.46,0.1(0.10 %),1975800,96.5,97.5,96.0
22/03/2022,48.41,1.1(1.15 %),2079200,96.0,97.0,95.4
21/03/2022,47.86,0.2(0.21 %),1560700,95.2,96.0,95.0
18/03/2022,47.76,3.1(3.37 %),2815100,93.0,96.6,93.0
17/03/2022,46.2,0.4(0.44 %),1180600,91.8,92.7,91.5
16/03/2022,46.0,0.6(0.66 %),1139600,91.1,92.3,90.5
15/03/2022,45.7,-0.8(-0.87 %),1872000,91.8,91.8,89.8
14/03/2022,46.1,-1.4(-1.50 %),1943000,93.0,93.0,90.5
11/03/2022,46.8,-1.4(-1.48 %),1139000,94.5,94.6,92.7
10/03/2022,47.51,-0.9(-0.94 %),778700,96.3,96.3,94.6
09/03/2022,47.96,0.7(0.74 %),2204000,94.6,96.5,94.6
08/03/2022,47.61,1(1.07 %),2227500,93.8,95.4,92.6
07/03/2022,47.11,0.3(0.32 %),1698000,93.1,93.9,92.2
04/03/2022,46.95,0.1(0.11 %),1343800,93.3,93.8,93.0
03/03/2022,46.9,0.3(0.32 %),957600,93.2,94.0,93.2
02/03/2022,46.75,-0.3(-0.32 %),1088900,93.0,93.4,92.7
01/03/2022,46.9,0.1(0.11 %),1101900,94.0,94.0,92.5
28/02/2022,46.85,1(1.08 %),1504600,92.3,93.5,92.3
25/02/2022,46.35,0.3(0.33 %),1059900,92.4,93.4,92.1
24/02/2022,46.2,-1(-1.08 %),1349600,93.0,93.5,90.0
23/02/2022,46.7,0.1(0.11 %),973800,92.6,93.9,92.6
22/02/2022,46.65,-0.6(-0.64 %),1158200,93.0,93.3,92.0
21/02/2022,46.95,1.3(1.41 %),1386000,92.2,94.0,92.0
18/02/2022,46.3,-0.6(-0.65 %),618800,92.3,92.5,91.7
17/02/2022,46.6,1.5(1.64 %),853700,91.9,92.8,91.0
16/02/2022,45.85,0.2(0.22 %),614200,91.7,92.5,91.3
15/02/2022,45.75,0.1(0.11 %),655400,91.0,91.7,90.5
14/02/2022,45.7,-0.6(-0.66 %),774100,91.0,91.6,90.4
11/02/2022,46.0,-0.4(-0.43 %),641600,91.8,92.4,91.4
10/02/2022,46.2,1.3(1.43 %),974900,91.4,92.0,90.2
09/02/2022,45.55,0.1(0.11 %),1142700,91.7,91.7,90.6
08/02/2022,45.5,1.1(1.23 %),845100,89.5,91.8,89.5
07/02/2022,44.95,0(0.00 %),518400,90.0,90.1,89.0
28/01/2022,44.95,3.6(4.19 %),1552300,86.0,89.5,85.9
27/01/2022,43.14,-0.1(-0.12 %),719600,86.0,86.7,85.4
26/01/2022,43.19,-0.5(-0.58 %),913600,87.0,87.0,85.5
25/01/2022,43.44,1.2(1.41 %),1192600,85.2,87.5,84.0
24/01/2022,42.84,-2.9(-3.29 %),2024200,88.2,88.5,85.0
21/01/2022,44.29,-0.6(-0.68 %),841200,89.0,89.8,88.2
20/01/2022,45.65,2.6(2.94 %),767900,88.4,91.0,88.3
19/01/2022,44.39,0.3(0.34 %),649300,88.1,89.2,88.0
18/01/2022,44.24,-0.9(-1.01 %),1209900,88.3,89.6,88.0
17/01/2022,44.69,-2.3(-2.52 %),1568400,90.5,91.3,89.0
14/01/2022,45.85,-0.8(-0.87 %),686700,91.7,92.1,90.9
13/01/2022,46.25,2.5(2.79 %),1811800,90.9,92.7,89.8
12/01/2022,45.0,0.1(0.11 %),1740700,89.1,90.6,88.5
11/01/2022,44.95,-2.5(-2.72 %),2509300,92.0,92.2,89.1
10/01/2022,46.2,-1.4(-1.50 %),1882400,93.2,93.5,91.9
07/01/2022,46.9,-0.1(-0.11 %),1016800,93.1,93.7,93.1
06/01/2022,46.95,-0.1(-0.11 %),1192400,93.6,94.0,93.5
05/01/2022,47.0,0.1(0.11 %),1193800,93.7,94.2,93.5
04/01/2022,46.95,0.5(0.54 %),1935000,93.4,94.2,93.3
31/12/2021,46.7,-0.6(-0.64 %),1607400,93.8,94.4,93.0
30/12/2021,47.0,0(0.00 %),810800,93.7,94.3,93.5
29/12/2021,47.0,-0.9(-0.95 %),912200,94.8,94.8,93.6
28/12/2021,47.46,0(0.00 %),567300,94.5,94.9,94.1
27/12/2021,47.46,0.7(0.75 %),793700,94.2,95.0,93.3
24/12/2021,47.11,0.6(0.64 %),1186700,93.5,94.5,92.8
23/12/2021,46.8,-1.8(-1.89 %),1930300,95.0,95.0,93.0
22/12/2021,47.71,-0.2(-0.21 %),1670500,95.0,95.4,94.6
21/12/2021,47.81,-0.6(-0.63 %),1112300,95.7,95.9,95.1
20/12/2021,48.11,-0.6(-0.62 %),1019800,96.5,96.5,95.5
17/12/2021,48.41,0.9(0.94 %),1152100,95.6,97.0,95.5
16/12/2021,47.96,-0.4(-0.42 %),1245000,97.5,97.5,95.5
15/12/2021,48.16,0.2(0.21 %),808400,95.7,96.3,95.6
14/12/2021,48.06,-0.3(-0.31 %),1144500,96.0,96.4,95.4
13/12/2021,48.21,0.2(0.21 %),900200,96.5,96.5,95.6
10/12/2021,48.11,-1.2(-1.24 %),1160000,96.4,97.0,95.4
09/12/2021,48.71,1.4(1.46 %),993100,95.1,97.0,95.1
08/12/2021,48.01,-0.4(-0.42 %),1064800,96.5,96.5,95.0
07/12/2021,48.21,1.5(1.59 %),1451000,95.0,96.0,94.5
06/12/2021,47.46,-1(-1.05 %),2393800,95.5,96.5,94.2
03/12/2021,47.96,-1.7(-1.75 %),2009700,97.8,97.8,95.5
02/12/2021,48.81,-1(-1.02 %),952900,97.6,98.3,97.2
01/12/2021,49.31,1.1(1.13 %),1254900,97.5,98.6,96.7
30/11/2021,48.76,-1(-1.02 %),2563100,98.1,98.5,97.0
29/11/2021,49.26,-0.8(-0.81 %),1993000,97.5,98.9,97.5
26/11/2021,49.67,-1.1(-1.10 %),1996200,100.1,100.8,98.8
25/11/2021,50.22,2.1(2.15 %),5487400,98.5,101.8,98.3
24/11/2021,49.16,1.3(1.35 %),2445600,96.7,98.4,96.4
23/11/2021,48.51,1.6(1.68 %),1150800,95.0,96.6,94.9
22/11/2021,47.71,-0.3(-0.31 %),1670100,95.5,96.0,95.0
19/11/2021,47.86,-1.2(-1.24 %),2481300,97.5,97.8,95.1
18/11/2021,48.46,-1.8(-1.83 %),2005000,98.3,98.7,96.5
17/11/2021,49.37,0(0.00 %),1186200,98.3,98.4,98.0
16/11/2021,49.37,1(1.03 %),3506200,97.3,99.5,96.8
15/11/2021,48.86,-0.7(-0.71 %),1908900,98.5,98.5,97.3
12/11/2021,49.21,2(2.08 %),2240300,96.2,98.2,95.9
11/11/2021,48.21,-1(-1.03 %),2122200,97.0,98.0,95.8
10/11/2021,48.71,0.6(0.62 %),1592400,96.4,97.0,95.9
09/11/2021,48.41,-1(-1.03 %),1845900,97.5,97.6,96.0
08/11/2021,48.91,-0.2(-0.20 %),1687900,97.6,98.5,97.3
05/11/2021,49.01,1.6(1.67 %),2169900,96.2,97.8,96.0
04/11/2021,48.21,-0.1(-0.10 %),1761300,96.1,96.8,95.7
03/11/2021,48.26,0(0.00 %),2680100,96.2,96.7,95.2
02/11/2021,48.26,0.3(0.31 %),2109100,95.5,97.0,95.5
01/11/2021,48.11,-1.1(-1.14 %),2855800,97.4,97.4,95.6
29/10/2021,48.66,-1.1(-1.12 %),2382700,98.0,98.0,96.9
28/10/2021,49.21,-0.2(-0.20 %),1644700,98.2,98.4,97.2
27/10/2021,49.31,1.3(1.34 %),2326700,96.8,98.2,96.5
26/10/2021,48.66,2(2.11 %),1855700,95.0,96.9,94.3
25/10/2021,47.66,-1.3(-1.35 %),2938500,96.2,96.2,94.9
22/10/2021,48.31,-0.5(-0.52 %),2023400,97.0,97.4,96.1
21/10/2021,48.56,-0.9(-0.92 %),2283600,98.4,98.5,96.7
20/10/2021,49.01,-1(-1.01 %),2248600,98.7,99.5,96.6
19/10/2021,49.52,-0.4(-0.40 %),1534300,99.0,99.5,98.6
18/10/2021,49.72,0.1(0.10 %),2264100,99.0,100.0,98.6
15/10/2021,49.67,0.1(0.10 %),1702500,99.4,100.1,98.4
14/10/2021,49.62,-0.6(-0.60 %),1824200,99.4,100.0,98.4
13/10/2021,49.92,0.4(0.40 %),3232500,99.0,101.5,98.5
12/10/2021,49.72,-0.2(-0.20 %),1125300,99.2,99.2,98.5
11/10/2021,49.82,0.3(0.30 %),2295500,99.0,99.3,98.3
08/10/2021,49.67,4.6(4.88 %),8305600,95.0,99.5,94.4
07/10/2021,47.36,-0.1(-0.11 %),1497000,94.9,95.0,94.1
06/10/2021,47.41,0(0.00 %),1571300,94.5,94.7,93.7
05/10/2021,47.41,-0.2(-0.21 %),1392800,95.0,96.0,94.4
04/10/2021,47.51,1.7(1.83 %),2277800,93.0,95.2,92.4
01/10/2021,46.65,-0.1(-0.11 %),1055400,92.9,93.1,92.5
30/09/2021,46.7,-0.2(-0.21 %),996900,93.5,93.9,93.0
29/09/2021,46.8,0.2(0.22 %),1177400,93.0,93.4,92.3
28/09/2021,46.7,0.9(0.98 %),1393500,91.7,93.0,91.5
27/09/2021,46.25,-0.6(-0.65 %),1546100,92.9,93.5,92.1
24/09/2021,46.55,-0.4(-0.43 %),1449000,93.2,93.2,92.7
23/09/2021,46.75,-0.1(-0.11 %),1394200,93.2,93.8,93.0
22/09/2021,46.8,-0.3(-0.32 %),2027200,93.2,93.4,92.7
21/09/2021,46.95,-0.9(-0.95 %),2697100,93.4,94.0,92.5
20/09/2021,47.41,-1.3(-1.36 %),2526100,96.0,96.2,94.1
17/09/2021,48.06,1(1.06 %),3325700,95.5,97.0,95.4
16/09/2021,47.56,0.6(0.64 %),1924700,94.4,95.0,94.2
15/09/2021,47.26,0.3(0.32 %),1690100,93.8,94.4,93.3
14/09/2021,47.11,0.8(0.86 %),2523200,93.3,94.7,93.0
13/09/2021,46.7,-0.5(-0.53 %),1600000,93.6,94.0,92.9
10/09/2021,46.95,0.3(0.32 %),1440100,93.4,94.4,93.4
09/09/2021,46.8,0.1(0.11 %),1393700,93.1,93.9,92.8
08/09/2021,46.75,-0.4(-0.43 %),1453800,93.5,94.2,92.8
07/09/2021,46.95,-1.4(-1.48 %),2290600,95.3,95.3,93.5
06/09/2021,47.66,2.5(2.71 %),3124600,92.4,94.9,92.3
01/09/2021,46.4,0(0.00 %),1353300,92.1,93.0,92.1
31/08/2021,46.4,0.2(0.22 %),1952500,92.3,93.2,92.0
30/08/2021,46.3,0.2(0.22 %),1494800,93.0,93.0,92.1
27/08/2021,46.2,0.6(0.66 %),1896200,91.0,92.0,90.6
26/08/2021,45.9,-0.5(-0.54 %),1758700,92.0,92.9,91.2
25/08/2021,46.15,0(0.00 %),1344000,92.4,92.4,91.0
24/08/2021,46.15,0.9(0.99 %),3081500,91.5,92.0,89.9
23/08/2021,45.7,-1.8(-1.94 %),3436600,92.5,92.5,91.0
20/08/2021,46.6,-1.7(-1.80 %),4349300,94.5,94.7,91.1
19/08/2021,47.46,0.5(0.53 %),2721600,95.0,95.0,93.8
18/08/2021,47.21,0.2(0.21 %),1951000,93.8,94.9,93.8
17/08/2021,47.11,-0.8(-0.85 %),2801700,94.1,94.6,93.5
16/08/2021,47.51,-0.4(-0.42 %),1906800,95.0,95.2,94.4
13/08/2021,41.06,1.2(1.28 %),3618700,93.1,95.0,93.0
12/08/2021,40.54,-2.3(-2.39 %),8399400,95.8,96.0,93.4
11/08/2021,41.54,-1.7(-1.74 %),4883200,97.7,97.8,96.1
10/08/2021,42.27,0.3(0.31 %),2680700,98.3,98.4,97.6
09/08/2021,42.14,0.9(0.93 %),2934500,97.0,97.7,95.9
06/08/2021,41.75,0(0.00 %),3413900,96.8,97.2,95.8
05/08/2021,41.75,1(1.05 %),2485600,95.2,97.0,94.9
04/08/2021,41.32,-0.2(-0.21 %),2772100,95.9,96.2,94.9
03/08/2021,41.41,0.2(0.21 %),3607200,95.8,96.0,94.7
02/08/2021,41.32,1.6(1.70 %),4275900,94.0,96.6,94.0
30/07/2021,40.63,0.6(0.64 %),4525900,93.5,94.8,92.8
29/07/2021,40.37,1.4(1.52 %),3712900,92.0,93.9,91.7
28/07/2021,39.77,-1.2(-1.29 %),3346700,92.8,93.7,91.7
27/07/2021,40.28,-0.5(-0.53 %),5007000,94.4,94.9,92.5
26/07/2021,40.5,3.2(3.54 %),5773100,90.3,93.9,90.2
23/07/2021,39.12,1.1(1.23 %),6755700,89.4,92.9,88.7
22/07/2021,38.64,2.8(3.23 %),4445600,86.2,89.6,86.2
21/07/2021,37.43,-0.2(-0.23 %),3369200,86.8,87.9,86.1
20/07/2021,37.52,2.1(2.48 %),2553700,84.8,86.8,83.9
19/07/2021,36.61,-2.1(-2.42 %),3288800,85.2,86.4,84.5
16/07/2021,37.52,1.4(1.64 %),2285700,85.9,88.0,85.5
15/07/2021,36.91,0.2(0.23 %),2714600,84.7,86.6,84.7
14/07/2021,36.83,-1.8(-2.07 %),2433500,87.6,87.6,84.7
13/07/2021,37.6,0.9(1.05 %),2207400,86.9,87.3,85.0
12/07/2021,37.22,-3.6(-4.01 %),6764400,88.8,89.7,83.6
09/07/2021,38.77,-0.1(-0.11 %),2947000,89.6,92.0,88.8
08/07/2021,38.81,-0.7(-0.77 %),2375400,90.4,90.5,89.0
07/07/2021,39.12,3.5(4.02 %),4910200,87.0,91.0,85.0
06/07/2021,37.6,-5.7(-6.15 %),2640500,92.5,93.0,87.0
05/07/2021,40.07,0.8(0.87 %),2934200,95.0,95.0,91.0
02/07/2021,39.72,3(3.37 %),3873500,89.3,92.5,88.9
01/07/2021,38.43,0.9(1.02 %),1700100,88.1,88.9,88.0
30/06/2021,38.04,-0.6(-0.68 %),1651100,89.0,89.1,88.0
29/06/2021,38.3,2.9(3.38 %),4897800,86.6,89.0,86.3
28/06/2021,37.04,0.5(0.59 %),1858800,86.1,86.1,85.4
25/06/2021,36.83,0.5(0.59 %),1503400,84.7,85.4,84.2
24/06/2021,36.61,-0.2(-0.24 %),1657800,84.3,84.9,83.9
23/06/2021,36.7,-0.5(-0.59 %),1599900,85.3,85.6,84.1
22/06/2021,36.91,-0.2(-0.23 %),1760300,86.1,86.6,85.4
21/06/2021,37.0,1.8(2.15 %),3878300,83.6,86.3,83.2
18/06/2021,36.22,1.2(1.45 %),1681700,83.1,84.2,82.7
17/06/2021,35.7,-0.5(-0.60 %),2236400,82.1,83.1,82.1
16/06/2021,35.92,-0.1(-0.12 %),2462000,83.2,84.6,82.7
15/06/2021,35.96,-0.6(-0.72 %),1778700,83.8,84.5,83.2
14/06/2021,36.22,0.3(0.36 %),2547600,83.5,84.6,83.0
11/06/2021,36.09,1.6(1.95 %),2359600,81.5,83.9,81.3
10/06/2021,35.4,0.2(0.24 %),2214900,81.7,82.5,81.0
09/06/2021,35.31,0.9(1.11 %),3576100,80.6,82.1,79.0
08/06/2021,34.92,-1.9(-2.30 %),3486000,82.0,83.0,80.6
07/06/2021,35.75,-2(-2.36 %),3711200,84.6,84.7,81.0
04/06/2021,36.61,-0.5(-0.59 %),3820600,85.0,85.1,83.8
03/06/2021,36.83,-0.3(-0.35 %),3190800,85.0,85.4,84.3
02/06/2021,36.96,-1.6(-1.84 %),3053900,87.1,87.5,85.0
01/06/2021,37.65,-10.8(-11.03 %),3495000,87.9,88.5,87.0
31/05/2021,41.43,3.1(3.27 %),3237700,95.5,98.0,94.7
28/05/2021,40.12,1(1.07 %),1874300,94.0,95.0,93.7
27/05/2021,39.7,-1.5(-1.57 %),1745800,95.3,95.4,93.5
26/05/2021,40.33,1.5(1.60 %),1992800,94.2,95.5,93.7
25/05/2021,39.7,0.3(0.32 %),2156300,93.5,95.2,92.8
24/05/2021,39.57,-0.3(-0.32 %),2669500,93.8,93.9,92.1
21/05/2021,39.7,-1.7(-1.78 %),3222700,94.3,96.6,93.0
20/05/2021,40.42,4.7(5.18 %),3523900,90.8,95.5,90.4
19/05/2021,38.43,3.8(4.37 %),2876300,87.5,91.1,86.8
18/05/2021,36.82,1.3(1.52 %),2133500,86.4,87.4,86.2
17/05/2021,36.27,0.9(1.06 %),1744500,85.8,86.6,85.2
14/05/2021,35.89,0.8(0.95 %),1858700,84.3,86.2,84.1
13/05/2021,35.55,-1.4(-1.64 %),2558300,85.0,85.4,84.0
12/05/2021,36.14,0.2(0.23 %),1844500,85.0,85.4,84.3
11/05/2021,36.06,-0.6(-0.70 %),2078700,86.0,86.6,85.2
10/05/2021,36.31,2.8(3.37 %),4504300,83.1,86.0,83.0
07/05/2021,35.13,0.3(0.36 %),2705900,82.7,84.0,82.3
06/05/2021,35.0,-0.2(-0.24 %),1969000,83.0,83.5,82.2
05/05/2021,35.08,0(0.00 %),2321300,84.5,84.5,82.7
04/05/2021,35.08,2(2.47 %),2362100,80.0,83.5,80.0
29/04/2021,34.24,0.1(0.12 %),2095500,80.8,81.8,80.8
28/04/2021,34.19,0.1(0.12 %),1366700,80.1,81.3,80.1
27/04/2021,34.15,-0.3(-0.37 %),1287100,80.4,81.4,80.1
26/04/2021,34.28,-2(-2.41 %),2551300,82.5,82.8,80.5
23/04/2021,35.13,3(3.75 %),3166400,80.0,83.0,79.7
22/04/2021,33.86,-2.9(-3.50 %),2271200,82.0,83.9,80.0
20/04/2021,35.08,1.4(1.72 %),4742800,81.8,84.9,81.6
19/04/2021,34.49,1.8(2.26 %),2380800,80.0,81.5,79.5
16/04/2021,33.73,-0.3(-0.38 %),2194600,79.8,81.2,78.8
15/04/2021,33.86,-1(-1.23 %),2096200,81.0,81.4,79.8
14/04/2021,34.28,0.3(0.37 %),2530600,80.0,81.0,79.5
13/04/2021,34.15,-1.4(-1.71 %),2038100,82.0,82.2,80.5
12/04/2021,34.74,0(0.00 %),2022500,82.4,82.4,81.5
09/04/2021,34.74,2.5(3.14 %),3970400,79.9,83.0,79.9
08/04/2021,33.69,0(0.00 %),1609800,80.2,80.6,79.5
07/04/2021,33.69,0.2(0.25 %),1503800,79.2,79.7,79.1
06/04/2021,33.6,-0.2(-0.25 %),1505800,79.1,80.0,79.1
05/04/2021,33.69,-0.2(-0.25 %),1487000,80.4,80.5,78.9
02/04/2021,33.77,0.1(0.13 %),1950200,80.4,80.5,79.8
01/04/2021,33.73,2(2.57 %),2500900,77.9,79.7,77.9
31/03/2021,32.88,0.6(0.78 %),1373400,77.1,78.1,76.6
30/03/2021,32.63,-0.5(-0.64 %),1512500,77.9,78.0,77.0
29/03/2021,32.84,1.5(1.97 %),1997700,76.5,78.1,76.1
26/03/2021,32.21,-0.5(-0.65 %),2672600,76.2,76.8,74.5
25/03/2021,32.42,-0.4(-0.52 %),2305400,77.5,77.5,76.5
24/03/2021,32.59,-1.8(-2.28 %),2480100,77.9,78.9,76.5
23/03/2021,33.35,0.1(0.13 %),2201700,78.5,80.0,78.3
22/03/2021,33.31,-1.1(-1.38 %),2084800,79.5,79.6,78.3
19/03/2021,33.77,-1.2(-1.48 %),2247800,80.0,80.5,79.4
18/03/2021,34.28,0.2(0.25 %),1807500,81.0,81.0,80.0
17/03/2021,34.19,-0.7(-0.86 %),1603200,81.5,81.5,80.0
16/03/2021,34.28,4.5(5.88 %),5111000,77.0,81.5,76.6
15/03/2021,32.37,0(0.00 %),1760900,76.6,77.5,76.1
12/03/2021,32.37,-0.2(-0.26 %),2062800,77.0,77.1,76.3
11/03/2021,32.46,0.4(0.52 %),1477800,76.5,77.1,76.1
10/03/2021,32.29,1.3(1.73 %),2602400,75.9,77.5,75.0
09/03/2021,31.74,-0.8(-1.06 %),2182400,75.0,75.7,74.5
08/03/2021,32.08,-0.1(-0.13 %),1656600,76.0,76.5,75.4
05/03/2021,32.12,0(0.00 %),2507500,75.5,76.0,74.5
04/03/2021,32.12,-1.8(-2.32 %),2901500,77.7,77.8,75.1
03/03/2021,32.88,-0.2(-0.26 %),1599400,78.0,78.1,77.4
02/03/2021,32.97,0(0.00 %),1821700,78.9,78.9,76.9
01/03/2021,32.97,1.7(2.23 %),2078100,76.8,78.0,76.8
26/02/2021,32.25,0(0.00 %),1936000,75.0,76.4,74.9
25/02/2021,32.25,0.8(1.06 %),1927500,76.1,76.3,74.5
24/02/2021,31.91,-0.1(-0.13 %),2225200,76.0,76.5,74.9
23/02/2021,31.95,-1.3(-1.69 %),3369500,76.3,77.0,74.6
22/02/2021,32.5,0.2(0.26 %),2319300,76.6,77.5,76.1
19/02/2021,32.42,-1.6(-2.05 %),3722700,77.3,78.0,76.0
18/02/2021,33.09,0.3(0.39 %),2243100,78.0,78.3,76.6
17/02/2021,32.97,3.3(4.42 %),3139100,76.3,79.0,75.9
09/02/2021,31.57,3.3(4.63 %),4224300,71.4,74.6,70.0
08/02/2021,30.17,-1.6(-2.19 %),4035600,71.3,72.9,69.6
05/02/2021,30.85,0.4(0.55 %),2084900,73.0,73.4,71.8
04/02/2021,30.68,2.5(3.57 %),4398700,70.2,73.2,70.2
03/02/2021,29.62,4(6.06 %),4173500,67.5,70.6,66.1
02/02/2021,27.93,2.5(3.94 %),3264600,63.1,66.0,63.0
01/02/2021,26.87,0.8(1.28 %),2017400,64.4,65.4,62.3
29/01/2021,26.53,4.1(7.00 %),3211900,59.0,62.7,59.0
28/01/2021,24.8,-4.4(-6.98 %),5092400,60.0,62.3,58.6
27/01/2021,26.66,-3(-4.55 %),2226800,65.7,66.1,62.9
26/01/2021,27.93,-1(-1.49 %),2597500,67.5,67.5,65.5
25/01/2021,28.35,0.1(0.15 %),3111900,66.8,68.2,66.2
22/01/2021,28.31,1.3(1.98 %),2090300,65.7,67.5,65.4
21/01/2021,27.76,2.3(3.63 %),2313100,64.5,65.8,63.3
20/01/2021,26.79,1.3(2.10 %),3663800,62.7,63.7,60.2
19/01/2021,26.24,-4.3(-6.49 %),3505600,66.0,66.1,61.7
18/01/2021,28.06,-0.3(-0.45 %),1209000,67.0,67.0,66.2
15/01/2021,28.19,0.2(0.30 %),1540400,67.0,67.0,66.4
14/01/2021,28.1,-0.1(-0.15 %),1777500,66.5,67.0,65.7
13/01/2021,28.14,0.7(1.06 %),2612000,65.9,67.4,65.9
12/01/2021,27.85,1.1(1.70 %),2435200,65.0,66.0,64.0
11/01/2021,27.38,1.4(2.21 %),1972800,63.9,64.7,63.3
08/01/2021,26.79,0.8(1.28 %),2720400,63.0,63.7,62.6
07/01/2021,26.45,0.1(0.16 %),2150200,62.6,62.9,61.9
06/01/2021,26.41,-0.3(-0.48 %),1796000,63.1,63.6,62.3
05/01/2021,26.53,2.5(4.15 %),2332200,60.0,63.5,59.8
04/01/2021,25.48,1.1(1.86 %),2151300,59.6,60.2,59.3
31/12/2020,25.01,1(1.72 %),2036370,58.1,59.2,58.0
30/12/2020,24.59,-0.5(-0.85 %),1204180,58.1,58.9,58.1
29/12/2020,24.8,0.7(1.21 %),2172950,57.9,58.8,57.6
28/12/2020,24.5,0.3(0.52 %),2197090,57.9,58.6,57.5
25/12/2020,24.38,0.6(1.05 %),1625110,57.0,57.6,56.6
24/12/2020,24.12,-0.5(-0.87 %),2386210,57.5,57.8,56.4
23/12/2020,24.33,-0.6(-1.03 %),1391420,58.3,58.6,57.2
22/12/2020,24.59,0.6(1.04 %),2576390,57.4,58.5,57.1
21/12/2020,24.33,0.6(1.05 %),2307390,57.3,57.8,57.1
18/12/2020,24.08,0.4(0.71 %),1532820,56.5,57.1,56.5
17/12/2020,23.91,-0.6(-1.05 %),3594500,56.9,57.1,56.0
16/12/2020,24.16,0.4(0.71 %),1995530,57.2,57.5,57.0
15/12/2020,24.0,-0.5(-0.87 %),2666900,57.5,57.6,56.6
14/12/2020,24.21,0.2(0.35 %),1443760,57.0,58.0,56.9
11/12/2020,24.12,0.5(0.88 %),1750270,56.6,57.0,56.3
10/12/2020,23.91,-1(-1.74 %),2112490,57.0,57.7,56.5
09/12/2020,24.33,1.3(2.31 %),3001820,56.3,57.8,56.2
08/12/2020,23.78,0.5(0.90 %),2297110,55.7,56.6,55.5
07/12/2020,23.57,0(0.00 %),1455180,55.7,56.0,55.5
04/12/2020,23.57,0.1(0.18 %),1380920,55.4,55.9,55.4
03/12/2020,23.53,0(0.00 %),1627980,55.5,55.7,55.1
02/12/2020,23.53,0.4(0.72 %),2108200,55.0,55.7,55.0
01/12/2020,23.36,-0.2(-0.36 %),3427370,55.0,55.4,54.8
30/11/2020,23.45,-0.8(-1.42 %),2761700,56.7,56.7,55.4
27/11/2020,23.78,0.5(0.90 %),1986420,55.9,56.2,55.6
26/11/2020,23.57,0.5(0.91 %),1635130,55.5,56.0,54.8
25/11/2020,23.36,-0.4(-0.72 %),1835630,56.3,56.3,55.2
23/11/2020,23.66,0.7(1.27 %),2824640,55.2,56.2,54.6
20/11/2020,23.36,0.1(0.18 %),1837360,55.1,55.9,55.0
19/11/2020,23.32,1.1(2.04 %),4980430,54.3,56.0,54.0
18/11/2020,22.85,0(0.00 %),1757160,54.3,54.3,53.7
17/11/2020,22.85,0.7(1.31 %),2515530,53.6,54.1,53.0
16/11/2020,22.56,-0.5(-0.93 %),3713690,54.0,54.4,53.0
13/11/2020,22.77,0.3(0.56 %),1318170,53.8,53.8,53.5
12/11/2020,22.64,0.5(0.94 %),1234540,53.0,53.5,52.9
11/11/2020,22.43,0(0.00 %),1668230,53.4,53.4,52.7
10/11/2020,22.43,-0.4(-0.75 %),1739340,54.0,54.0,53.0
09/11/2020,22.6,1(1.91 %),2011650,52.8,53.4,52.7
06/11/2020,22.18,0.4(0.77 %),987260,52.4,52.8,52.1
05/11/2020,22.01,-1(-1.89 %),1305860,52.7,53.4,52.0
04/11/2020,22.43,0.2(0.38 %),1369690,53.0,53.3,52.5
03/11/2020,22.34,1.1(2.13 %),2562890,51.9,52.9,51.7
02/11/2020,21.88,0.2(0.39 %),866110,51.5,51.7,51.2
30/10/2020,21.79,0.6(1.18 %),1469970,51.4,51.5,50.5
29/10/2020,21.54,0.2(0.39 %),2719690,50.4,51.3,50.2
28/10/2020,21.46,-1.4(-2.69 %),3596230,52.0,52.4,50.7
27/10/2020,22.05,-0.7(-1.33 %),3188810,52.9,53.2,52.1
26/10/2020,22.34,-1.1(-2.04 %),3852510,53.9,54.5,52.8
23/10/2020,22.81,-0.1(-0.19 %),2646310,54.2,54.5,53.5
22/10/2020,22.85,1.2(2.27 %),2346540,52.8,54.0,52.6
21/10/2020,22.34,-0.4(-0.75 %),3305010,53.2,54.5,52.8
20/10/2020,22.51,-0.1(-0.19 %),1886160,53.1,53.3,52.5
19/10/2020,22.56,0.1(0.19 %),2333670,53.6,53.8,53.0
16/10/2020,22.51,2(3.91 %),5769540,51.2,53.9,50.9
15/10/2020,21.67,0.2(0.39 %),1925370,51.2,51.4,50.7
14/10/2020,21.58,0.3(0.59 %),2409760,50.8,51.4,50.4
13/10/2020,21.46,-0.2(-0.39 %),1222200,50.9,51.0,50.5
12/10/2020,21.54,0.1(0.20 %),1550680,50.9,51.4,50.6
09/10/2020,21.5,-0.3(-0.59 %),1173500,51.0,51.2,50.8
08/10/2020,21.63,0.7(1.39 %),3062690,50.5,51.5,50.3
07/10/2020,21.33,-0.1(-0.20 %),1493710,50.2,50.7,50.2
06/10/2020,21.37,0(0.00 %),1520290,50.8,50.9,50.3
05/10/2020,21.37,0.2(0.40 %),1498360,50.4,50.8,49.9
02/10/2020,21.29,-0.5(-0.98 %),1947940,50.8,51.1,49.0
01/10/2020,21.5,0.8(1.60 %),905510,50.2,50.8,50.2
30/09/2020,21.16,-0.2(-0.40 %),2500310,50.2,50.4,49.75
29/09/2020,21.24,-0.9(-1.76 %),1900490,51.4,51.4,50.2
28/09/2020,21.63,0.3(0.59 %),1312300,50.9,51.3,50.6
25/09/2020,21.5,0.3(0.59 %),1205550,50.7,50.8,50.0
24/09/2020,21.37,-0.6(-1.17 %),1728380,50.7,51.0,50.2
23/09/2020,21.63,-0.2(-0.39 %),1797680,51.3,51.5,50.8
22/09/2020,21.71,0.1(0.20 %),1630570,50.8,51.3,50.6
21/09/2020,21.67,0(0.00 %),1530250,51.3,51.7,51.2
18/09/2020,21.67,1.2(2.40 %),3306720,50.1,51.4,50.0
17/09/2020,21.16,-0.5(-0.99 %),1563010,50.3,50.5,49.9
16/09/2020,21.37,0.5(1.00 %),1918130,50.0,50.8,50.0
15/09/2020,21.16,0.7(1.42 %),1906730,49.5,50.0,49.3
14/09/2020,20.86,0.15(0.31 %),1127400,49.25,49.5,49.1
11/09/2020,20.8,-0.05(-0.10 %),872160,49.0,49.2,48.85
10/09/2020,20.82,0(0.00 %),1005950,49.5,49.8,49.1
09/09/2020,20.82,-0.3(-0.61 %),1490820,48.65,49.5,48.6
08/09/2020,20.95,1(2.06 %),1628870,48.75,49.5,48.5
07/09/2020,20.53,-1.5(-3.00 %),2270970,49.95,50.0,48.5
04/09/2020,21.16,-0.4(-0.79 %),1538510,49.5,50.0,49.5
03/09/2020,21.33,0.5(1.00 %),2281510,50.4,50.5,49.9
01/09/2020,21.12,0.4(0.81 %),1757410,49.5,50.5,49.35
31/08/2020,20.95,-0.4(-0.80 %),1940640,49.9,50.3,49.35
28/08/2020,21.12,0.05(0.10 %),4009380,50.2,51.1,49.9
27/08/2020,21.1,1.45(3.00 %),3724990,48.25,50.1,48.25
26/08/2020,20.48,-0.45(-0.92 %),1328990,48.8,48.85,48.2
25/08/2020,20.67,0.4(0.83 %),3304670,48.6,48.95,48.55
24/08/2020,20.5,1.05(2.22 %),3540210,47.95,48.6,47.85
21/08/2020,20.06,0.35(0.74 %),1260210,47.25,47.5,47.2
20/08/2020,19.91,0.2(0.43 %),1824430,46.9,47.45,46.85
19/08/2020,19.83,0(0.00 %),877190,46.9,47.05,46.65
18/08/2020,19.83,-0.15(-0.32 %),625200,47.0,47.15,46.8
17/08/2020,19.89,-0.8(-1.67 %),1048820,47.0,47.0,46.5
14/08/2020,17.27,-0.15(-0.31 %),1633770,48.1,48.2,47.45
13/08/2020,17.32,0.45(0.95 %),1709100,47.7,47.95,47.5
12/08/2020,17.16,0.5(1.06 %),1233230,47.1,47.5,46.9
11/08/2020,16.98,-0.2(-0.42 %),1209690,47.45,47.45,47.0
10/08/2020,17.05,0.1(0.21 %),1160370,47.35,47.8,47.1
07/08/2020,17.01,0.3(0.64 %),1283690,46.8,47.8,46.8
06/08/2020,16.91,-0.2(-0.43 %),1153660,47.0,47.25,46.7
05/08/2020,16.98,0.45(0.97 %),1328520,46.5,47.15,46.25
04/08/2020,16.82,0.65(1.42 %),1051310,46.5,46.8,46.2
03/08/2020,16.58,1.4(3.15 %),1392200,44.5,45.9,44.5
31/07/2020,16.08,-0.65(-1.44 %),1106250,44.0,45.2,44.0
30/07/2020,16.31,0.6(1.35 %),612240,44.6,45.15,44.6
29/07/2020,16.09,-1.15(-2.52 %),1554200,44.4,44.9,43.8
28/07/2020,16.51,2(4.58 %),1953510,44.4,45.8,44.15
27/07/2020,15.79,-2.2(-4.79 %),3274350,45.0,45.9,43.6
24/07/2020,16.58,-1.85(-3.87 %),3170540,47.4,47.55,45.4
23/07/2020,17.25,0.35(0.74 %),918630,47.4,47.75,47.1
22/07/2020,17.12,-0.4(-0.84 %),817890,48.0,48.0,47.3
21/07/2020,17.27,0.4(0.84 %),940230,47.5,47.95,47.25
20/07/2020,17.12,-0.7(-1.46 %),2049680,47.4,48.2,47.35
17/07/2020,17.38,-0.5(-1.03 %),1313100,48.5,48.5,48.1
16/07/2020,17.56,0(0.00 %),1060530,48.55,48.75,48.4
15/07/2020,17.56,0.05(0.10 %),1516540,48.7,48.95,48.4
14/07/2020,17.54,-0.1(-0.21 %),1549540,48.3,48.85,48.3
13/07/2020,17.57,0.85(1.78 %),2662490,48.0,48.95,47.75
10/07/2020,17.27,-0.55(-1.14 %),1164310,48.1,48.25,47.5
09/07/2020,17.47,0.65(1.36 %),2298900,47.9,48.4,47.8
08/07/2020,17.23,0.25(0.53 %),1472610,47.3,47.9,47.3
07/07/2020,17.14,0.65(1.39 %),2739150,47.0,47.9,47.0
06/07/2020,16.91,0.55(1.19 %),1089910,46.5,46.95,46.3
03/07/2020,16.71,0.1(0.22 %),529760,46.5,46.5,46.1
02/07/2020,16.67,-0.05(-0.11 %),539160,46.3,46.3,45.95
01/07/2020,16.69,0.55(1.20 %),866660,46.0,46.3,45.8
30/06/2020,16.49,-0.4(-0.87 %),1594210,46.15,46.4,45.4
29/06/2020,16.64,-0.8(-1.71 %),1281220,46.6,46.6,45.85
26/06/2020,16.92,0.05(0.11 %),602880,46.8,47.15,46.7
25/06/2020,16.91,-0.4(-0.85 %),730810,46.65,47.1,46.6
24/06/2020,17.05,-0.35(-0.74 %),607000,47.9,47.95,47.05
23/06/2020,17.18,0.55(1.17 %),1693730,46.95,48.4,46.75
22/06/2020,16.98,0(0.00 %),787180,47.0,47.0,46.85
19/06/2020,16.98,0.4(0.86 %),745470,46.6,47.0,46.6
18/06/2020,16.83,0.25(0.54 %),822980,46.3,46.7,46.15
17/06/2020,16.74,-0.25(-0.54 %),788630,46.7,46.75,46.25
16/06/2020,16.83,0.6(1.30 %),1100730,46.6,46.8,46.3
15/06/2020,16.62,-1(-2.13 %),1207500,48.0,48.0,45.9
12/06/2020,16.98,1(2.17 %),3145450,45.0,47.0,45.0
11/06/2020,16.62,-2.8(-5.74 %),4278060,48.8,48.8,46.0
10/06/2020,17.63,-0.15(-0.31 %),1307540,49.0,49.0,48.4
09/06/2020,17.68,-0.4(-0.81 %),1491540,49.6,49.65,48.9
08/06/2020,17.83,0.65(1.33 %),4113250,49.0,50.0,49.0
05/06/2020,17.59,0.3(0.62 %),1236200,48.4,48.7,48.15
04/06/2020,17.48,-0.25(-0.51 %),1260060,48.9,48.9,48.4
03/06/2020,17.57,0.65(1.35 %),1893060,48.0,48.95,47.9
02/06/2020,17.34,-0.3(-0.62 %),1456730,48.3,48.5,48.0
01/06/2020,17.45,0.35(0.73 %),1298150,48.0,48.35,48.0
29/05/2020,17.32,-0.05(-0.10 %),1346170,48.0,48.1,47.5
28/05/2020,17.34,0(0.00 %),1194380,48.2,48.6,48.0
27/05/2020,17.34,-0.8(-1.64 %),2098580,48.9,49.4,48.0
26/05/2020,17.63,0.35(0.72 %),1615680,48.5,48.8,48.35
25/05/2020,17.5,0(0.00 %),2033000,48.5,48.6,47.8
22/05/2020,17.5,-0.85(-1.72 %),1731720,49.0,49.0,48.45
21/05/2020,17.81,0.4(0.82 %),2007060,48.9,49.3,48.85
20/05/2020,17.66,-0.35(-0.71 %),1245380,49.0,49.0,48.55
19/05/2020,17.79,0.9(1.86 %),2879030,49.2,49.7,48.6
18/05/2020,17.47,0.35(0.73 %),2000950,47.5,48.35,47.4
15/05/2020,17.34,-0.7(-1.44 %),2430890,48.3,48.9,47.75
14/05/2020,17.59,-0.65(-1.32 %),2597400,48.95,49.1,48.5
13/05/2020,17.83,-5.05(-9.28 %),6853810,47.5,49.55,47.4
12/05/2020,19.28,0.4(0.74 %),2828190,54.0,54.4,53.6
11/05/2020,19.14,0.3(0.56 %),2119430,54.0,54.4,53.3
08/05/2020,19.03,0.2(0.37 %),3585320,53.6,55.1,53.6
07/05/2020,18.96,0.6(1.13 %),2030720,53.0,53.5,52.4
06/05/2020,18.75,2(3.93 %),3470150,51.0,53.1,51.0
05/05/2020,18.04,0.4(0.79 %),677990,50.8,51.0,50.4
04/05/2020,17.9,-0.3(-0.59 %),895530,50.2,50.9,49.8
29/04/2020,18.01,0.1(0.20 %),1349230,50.8,51.4,50.5
28/04/2020,17.97,0(0.00 %),974310,50.7,50.8,50.2
27/04/2020,17.97,-0.3(-0.59 %),1419750,51.5,51.5,50.5
24/04/2020,18.08,0(0.00 %),1411380,50.9,51.2,50.1
23/04/2020,18.08,-0.1(-0.20 %),1363410,52.1,52.2,51.0
22/04/2020,18.11,1.8(3.65 %),2445860,48.8,51.2,48.7
21/04/2020,17.47,-2(-3.90 %),3737050,50.5,50.9,48.9
20/04/2020,18.18,0.1(0.20 %),2239780,51.9,52.0,50.7
17/04/2020,18.15,0.9(1.79 %),2631630,51.2,51.3,50.2
16/04/2020,17.83,0.2(0.40 %),1508480,49.7,50.8,49.3
15/04/2020,17.76,0.6(1.21 %),2205200,50.5,50.8,49.85
14/04/2020,17.55,3(6.45 %),4072050,47.6,49.5,47.0
13/04/2020,16.48,0.1(0.22 %),1255360,46.4,47.0,46.1
10/04/2020,16.45,-0.45(-0.96 %),1882020,46.6,47.0,45.9
09/04/2020,16.61,0(0.00 %),2142370,47.0,47.6,46.5
08/04/2020,16.61,-0.45(-0.95 %),1576670,46.1,47.05,45.75
07/04/2020,16.77,-0.2(-0.42 %),2463810,47.5,47.7,46.5
06/04/2020,16.84,2.9(6.50 %),2718990,46.0,47.5,45.5
03/04/2020,15.81,2.3(5.44 %),2072000,43.0,44.65,42.7
01/04/2020,14.99,1.2(2.92 %),1453030,40.8,43.2,40.8
31/03/2020,14.57,0.7(1.73 %),1663050,41.5,42.4,40.1
30/03/2020,14.32,-2.7(-6.26 %),2157690,40.5,41.1,40.1
27/03/2020,15.28,-1.1(-2.49 %),2633750,44.4,44.4,42.9
26/03/2020,15.67,-1.8(-3.91 %),2358310,45.5,45.85,44.2
25/03/2020,16.3,1.5(3.37 %),2131790,46.0,46.4,45.15
24/03/2020,15.77,0.1(0.23 %),2191500,45.0,45.0,43.5
23/03/2020,15.74,-3.3(-6.92 %),2826690,46.1,46.9,44.4
20/03/2020,16.91,0(0.00 %),1291360,48.2,48.25,47.35
19/03/2020,16.91,-0.7(-1.45 %),1296590,47.6,48.1,47.6
18/03/2020,17.16,-0.1(-0.21 %),1642800,49.0,49.1,48.35
17/03/2020,17.19,0.9(1.89 %),2474650,48.5,48.5,46.5
16/03/2020,16.87,-0.55(-1.14 %),1898960,48.15,49.7,47.5
13/03/2020,17.07,0.05(0.10 %),2919140,45.3,50.0,45.2
12/03/2020,17.05,-2.7(-5.31 %),3981670,48.6,49.3,47.3
11/03/2020,18.01,-0.9(-1.74 %),2753310,52.0,52.5,49.5
10/03/2020,18.33,1.4(2.78 %),2030340,51.0,52.0,50.3
09/03/2020,17.83,-3.7(-6.85 %),4735140,51.2,52.0,50.3
06/03/2020,19.14,-0.6(-1.10 %),1305030,54.2,54.3,53.5
05/03/2020,19.35,-0.9(-1.62 %),1296450,55.5,55.9,54.6
04/03/2020,19.67,-0.4(-0.72 %),1660790,55.5,55.5,54.9
03/03/2020,19.81,0.2(0.36 %),1193800,56.2,57.0,55.7
02/03/2020,19.74,0.6(1.09 %),1787060,55.1,56.2,54.8
28/02/2020,19.53,-0.9(-1.61 %),2132200,55.0,55.7,54.6
27/02/2020,19.85,1(1.82 %),2927040,55.0,56.5,54.6
26/02/2020,19.49,1(1.85 %),3221270,53.4,55.2,53.0
25/02/2020,19.14,1.5(2.86 %),1407720,52.1,54.0,52.0
24/02/2020,18.61,-2.2(-4.02 %),2261990,53.1,53.9,52.5
21/02/2020,19.39,-1.1(-1.97 %),1458040,55.9,55.9,54.7
20/02/2020,19.78,0.1(0.18 %),780810,56.1,56.4,55.5
19/02/2020,19.74,-0.3(-0.54 %),681250,55.9,56.2,55.5
18/02/2020,19.85,1.8(3.32 %),1760940,54.4,56.0,54.3
17/02/2020,19.21,-0.3(-0.55 %),726390,54.6,54.6,54.0
14/02/2020,19.32,0.2(0.37 %),884240,54.1,54.5,54.0
13/02/2020,19.25,0.2(0.37 %),1030570,54.1,54.5,53.7
12/02/2020,19.18,0.5(0.93 %),1104870,53.8,54.7,53.7
11/02/2020,19.0,1(1.90 %),1085380,52.9,53.7,52.7
10/02/2020,18.64,-0.7(-1.31 %),738090,52.4,53.0,52.1
07/02/2020,18.89,-0.3(-0.56 %),1218660,53.0,53.5,52.8
06/02/2020,19.0,1.6(3.08 %),1708550,52.5,53.6,51.8
05/02/2020,18.43,0.2(0.39 %),1648620,52.3,52.8,52.0
04/02/2020,18.36,0.3(0.58 %),1651440,52.4,52.4,51.0
03/02/2020,18.25,-0.5(-0.96 %),3602970,51.5,52.5,49.0
31/01/2020,18.43,-2.7(-4.94 %),4118150,54.0,54.9,52.0
30/01/2020,19.39,-1.8(-3.19 %),2638460,55.3,55.8,53.9
22/01/2020,20.03,1(1.80 %),3165650,55.0,56.5,54.7
21/01/2020,19.67,-1.9(-3.31 %),4351820,57.8,58.0,55.5
20/01/2020,20.35,-0.2(-0.35 %),1227100,57.5,58.0,57.2
17/01/2020,20.42,-0.4(-0.69 %),1388810,58.0,58.1,57.0
16/01/2020,20.56,1(1.75 %),1942970,57.0,58.2,57.0
15/01/2020,20.2,0(0.00 %),940870,57.0,57.1,56.8
14/01/2020,20.2,-0.1(-0.18 %),721680,57.1,57.4,57.0
13/01/2020,20.24,-0.4(-0.70 %),786760,57.4,57.6,57.0
10/01/2020,20.38,-0.1(-0.17 %),1018650,57.5,57.8,57.1
09/01/2020,20.42,0.8(1.41 %),967050,57.3,57.7,57.1
08/01/2020,20.13,-1.3(-2.24 %),1814290,57.5,57.7,56.8
07/01/2020,20.59,1.1(1.93 %),837240,57.3,58.1,57.0
06/01/2020,20.2,-0.6(-1.04 %),1091660,57.1,57.6,56.8
03/01/2020,20.42,-1(-1.71 %),2047880,58.9,59.1,57.4
02/01/2020,20.77,0.3(0.51 %),896720,58.3,59.0,58.0
31/12/2019,20.66,-0.3(-0.51 %),689030,58.6,58.7,58.0
30/12/2019,20.77,1(1.74 %),2881060,57.8,58.9,57.6
27/12/2019,20.42,0.2(0.35 %),1004860,57.4,57.8,56.8
26/12/2019,20.35,-0.1(-0.17 %),1124500,57.8,58.1,57.4
25/12/2019,20.38,1.1(1.95 %),1604350,56.4,57.9,56.4
24/12/2019,19.99,0.3(0.53 %),692100,56.4,56.5,56.1
23/12/2019,19.88,-0.4(-0.71 %),766000,56.9,57.0,56.0
20/12/2019,20.03,0.7(1.25 %),777100,56.0,56.7,55.8
19/12/2019,19.78,0.3(0.54 %),817820,55.5,56.2,55.4
18/12/2019,19.67,0.1(0.18 %),1022490,55.4,56.0,55.0
17/12/2019,19.64,-1.1(-1.95 %),2211360,56.2,56.4,55.1
16/12/2019,20.03,-0.6(-1.05 %),968130,57.1,57.1,56.4
13/12/2019,20.24,0.1(0.18 %),1681700,57.2,57.5,56.9
12/12/2019,20.2,0.5(0.88 %),942410,56.8,57.2,56.7
11/12/2019,20.03,1(1.80 %),877960,55.5,56.6,55.2
10/12/2019,19.67,0.2(0.36 %),797100,55.3,55.8,54.8
09/12/2019,19.6,0.3(0.55 %),700960,55.2,55.8,55.0
06/12/2019,19.49,0.1(0.18 %),556160,55.0,55.4,54.7
05/12/2019,19.46,-0.5(-0.90 %),1144000,55.5,55.8,54.8
04/12/2019,19.64,0.9(1.65 %),932130,54.5,55.5,54.0
03/12/2019,19.32,-0.1(-0.18 %),1619120,54.2,55.2,53.3
02/12/2019,19.35,-1.8(-3.19 %),1992380,56.5,56.5,54.6
29/11/2019,19.99,0.4(0.71 %),739370,56.0,56.8,55.8
28/11/2019,19.85,-1(-1.75 %),1370820,56.9,56.9,55.8
27/11/2019,20.2,-0.1(-0.18 %),812280,57.2,57.4,56.9
26/11/2019,20.24,0.5(0.88 %),968690,57.0,57.2,56.8
25/11/2019,20.06,0.6(1.07 %),1087990,56.1,57.0,55.8
22/11/2019,19.85,0(0.00 %),1625820,56.3,57.1,55.5
21/11/2019,19.85,-0.8(-1.41 %),3303950,56.8,57.1,55.9
20/11/2019,20.13,-1.5(-2.57 %),2291760,58.2,58.2,56.6
19/11/2019,20.66,0.8(1.39 %),1059770,57.5,58.3,57.5
18/11/2019,20.38,-1.1(-1.88 %),2794920,58.4,58.8,57.1
15/11/2019,20.77,0.3(0.51 %),2568040,58.3,58.8,57.7
14/11/2019,20.66,-2.2(-3.64 %),4799390,60.5,61.0,57.5
13/11/2019,21.44,-0.5(-0.82 %),1333940,61.2,61.3,60.5
12/11/2019,21.62,1(1.67 %),2842650,60.0,61.3,60.0
11/11/2019,21.27,0.4(0.67 %),2180490,59.7,60.6,59.5
08/11/2019,21.13,0.1(0.17 %),1219540,59.8,59.8,59.2
07/11/2019,21.09,0(0.00 %),1438030,59.5,59.9,59.2
06/11/2019,21.09,-0.3(-0.50 %),1551610,59.8,60.4,59.5
05/11/2019,21.2,-0.1(-0.17 %),1239520,60.1,60.1,59.4
04/11/2019,21.23,1.4(2.39 %),5811560,58.7,60.5,58.7
01/11/2019,20.74,0.6(1.04 %),1732950,58.0,58.7,57.6
31/10/2019,20.52,0.1(0.17 %),1263390,58.0,58.7,57.8
30/10/2019,20.49,-0.1(-0.17 %),1102070,57.9,58.1,57.6
29/10/2019,20.52,-0.2(-0.34 %),953020,58.2,58.3,57.8
28/10/2019,20.59,0.1(0.17 %),1494820,58.0,58.8,57.8
25/10/2019,20.56,-0.2(-0.34 %),1355310,58.3,58.5,57.7
24/10/2019,20.63,1.8(3.19 %),2233890,56.8,58.2,56.4
23/10/2019,19.99,0.1(0.18 %),747810,56.0,57.0,56.0
22/10/2019,19.96,-0.2(-0.35 %),1534380,56.5,56.6,55.7
21/10/2019,20.03,-0.6(-1.05 %),1260490,57.4,57.4,56.3
18/10/2019,20.24,0.4(0.71 %),1447340,56.8,57.6,56.6
17/10/2019,20.1,-0.8(-1.39 %),1621590,57.4,57.5,56.6
16/10/2019,20.38,0.1(0.17 %),829050,57.8,58.0,57.4
15/10/2019,20.35,-0.3(-0.52 %),663910,57.8,57.8,57.4
14/10/2019,20.45,1.2(2.12 %),2231030,57.0,58.2,56.8
11/10/2019,20.03,0.1(0.18 %),794420,56.7,56.9,56.4
10/10/2019,19.99,0(0.00 %),808000,56.6,57.0,56.4
09/10/2019,19.99,0.3(0.53 %),937530,56.3,57.0,55.8
08/10/2019,19.88,0.6(1.08 %),1337220,55.5,56.2,55.2
07/10/2019,19.67,-1.3(-2.29 %),2371810,56.8,57.2,55.5
04/10/2019,20.13,-0.4(-0.70 %),1271210,57.5,57.5,56.7
03/10/2019,20.27,0(0.00 %),2804850,56.6,57.4,56.4
02/10/2019,20.27,-1.3(-2.22 %),2439020,58.5,58.6,57.2
01/10/2019,20.74,0.8(1.39 %),1644130,57.7,58.5,57.6
30/09/2019,20.45,-0.8(-1.37 %),2199170,59.3,59.5,57.7
27/09/2019,20.74,0.8(1.39 %),2510520,57.6,58.8,57.4
26/09/2019,20.45,0.3(0.52 %),992640,57.7,58.0,57.2
25/09/2019,20.35,1.2(2.14 %),1442410,56.3,57.4,56.1
24/09/2019,19.92,-0.3(-0.53 %),2537600,56.4,57.0,55.8
23/09/2019,20.03,-1.7(-2.92 %),2313090,58.0,58.3,56.5
20/09/2019,20.63,0.4(0.69 %),1396120,57.7,58.8,57.6
19/09/2019,20.49,1.4(2.48 %),1432730,56.6,57.8,56.2
18/09/2019,19.99,-1.2(-2.08 %),2592910,57.9,57.9,56.3
17/09/2019,20.42,-0.1(-0.17 %),1194690,57.3,58.1,57.1
16/09/2019,20.45,0.9(1.58 %),1339560,56.5,58.0,56.7
13/09/2019,20.13,0.3(0.53 %),2123900,56.5,57.4,56.3
12/09/2019,20.03,2.4(4.44 %),3799910,54.4,56.5,54.4
11/09/2019,19.18,0.1(0.19 %),1179670,54.0,54.2,53.4
10/09/2019,19.14,0.2(0.37 %),1731610,54.2,54.4,53.6
09/09/2019,19.07,0.9(1.70 %),2507800,53.0,54.4,52.5
06/09/2019,18.75,0.3(0.57 %),1142710,52.9,53.2,52.3
05/09/2019,18.64,-0.6(-1.13 %),1243680,53.4,53.5,52.6
04/09/2019,18.86,-0.5(-0.93 %),1655300,53.0,54.2,53.0
03/09/2019,19.03,0.6(1.13 %),1360230,53.0,54.0,53.0
30/08/2019,18.82,0.4(0.76 %),708360,53.0,53.4,52.9
29/08/2019,18.68,0.6(1.15 %),972940,52.2,52.8,51.9
28/08/2019,18.47,-0.7(-1.33 %),1537860,53.0,53.2,52.1
27/08/2019,18.72,-0.9(-1.68 %),1566370,54.0,54.3,52.8
26/08/2019,19.03,-0.7(-1.29 %),1756160,53.5,54.2,53.5
23/08/2019,19.28,1.4(2.64 %),1868200,53.1,54.4,52.6
22/08/2019,18.79,-0.6(-1.12 %),1892640,53.6,54.3,52.9
21/08/2019,19.0,-0.4(-0.74 %),1808020,54.1,54.5,53.4
20/08/2019,19.14,1.6(3.05 %),2277750,52.4,54.0,52.4
19/08/2019,18.57,0.4(0.77 %),2849780,52.0,52.7,51.2
16/08/2019,18.43,-1(-1.89 %),4531020,53.0,55.1,52.0
15/08/2019,18.79,-0.2(-0.38 %),2223880,51.9,53.0,51.4
14/08/2019,16.8,0.7(1.33 %),2205370,53.0,53.7,52.8
13/08/2019,16.58,0.2(0.38 %),2237980,52.1,53.2,51.7
12/08/2019,16.51,1.2(2.35 %),1817920,51.1,52.6,50.7
09/08/2019,16.13,0.8(1.59 %),1751680,50.3,51.4,50.0
08/08/2019,15.88,0.55(1.11 %),2085510,49.85,50.6,49.85
07/08/2019,15.71,0.8(1.63 %),1246410,48.2,49.75,48.95
06/08/2019,15.46,-0.05(-0.10 %),1304570,48.2,49.3,48.2
05/08/2019,15.47,0.2(0.41 %),2322100,49.0,49.8,48.8
02/08/2019,15.41,0.45(0.93 %),1451900,48.05,49.0,47.85
01/08/2019,15.27,-0.05(-0.10 %),965060,48.4,48.6,48.2
31/07/2019,15.28,0.6(1.26 %),1111880,47.8,48.4,47.5
30/07/2019,15.09,-0.8(-1.65 %),2092220,48.6,48.6,47.7
29/07/2019,15.35,-0.2(-0.41 %),1130450,48.8,48.8,48.2
26/07/2019,15.41,0.15(0.31 %),1043020,48.5,48.8,48.35
25/07/2019,15.36,0.05(0.10 %),1157100,48.6,48.95,48.5
24/07/2019,15.35,-0.2(-0.41 %),1952770,49.35,49.4,48.6
23/07/2019,15.41,0.45(0.93 %),948550,48.5,48.8,48.1
22/07/2019,15.27,0.15(0.31 %),1755780,48.2,48.65,47.95
19/07/2019,15.22,1.4(2.99 %),2811560,46.95,48.3,46.9
18/07/2019,14.78,-0.25(-0.53 %),1035440,47.0,47.1,46.8
17/07/2019,14.86,-0.25(-0.53 %),1292630,47.3,47.5,47.0
16/07/2019,14.93,0(0.00 %),1160000,47.35,47.8,47.25
15/07/2019,14.93,0.3(0.64 %),1176060,47.1,47.55,46.85
12/07/2019,14.84,0(0.00 %),1241970,47.1,47.45,46.8
11/07/2019,14.84,-0.05(-0.11 %),854140,47.15,47.25,46.8
10/07/2019,14.86,0.3(0.64 %),1281980,46.95,47.45,46.8
09/07/2019,14.76,0.45(0.97 %),992570,46.3,46.85,46.1
08/07/2019,14.62,-0.3(-0.64 %),1303050,46.5,46.9,46.05
05/07/2019,14.71,-0.35(-0.75 %),1137770,46.8,47.0,46.4
04/07/2019,14.82,0.15(0.32 %),1275800,47.0,47.2,46.8
03/07/2019,14.78,-0.1(-0.21 %),1275860,46.7,46.9,46.55
02/07/2019,14.81,-0.2(-0.42 %),1600280,46.9,47.5,46.65
01/07/2019,14.87,1.6(3.52 %),2551280,47.1,47.1,45.9
28/06/2019,14.37,0.1(0.22 %),2479220,45.5,46.0,44.9
27/06/2019,14.33,-0.75(-1.63 %),1221860,45.4,46.1,45.3
26/06/2019,14.57,-0.35(-0.75 %),1014470,46.5,46.5,46.1
25/06/2019,14.68,1.35(2.99 %),3269450,45.0,46.55,44.8
24/06/2019,14.26,-0.25(-0.55 %),726160,45.4,45.45,45.15
21/06/2019,14.33,0(0.00 %),872460,45.5,45.6,45.25
20/06/2019,14.33,0.75(1.68 %),1356030,44.85,45.4,44.65
19/06/2019,14.1,0.6(1.36 %),530820,44.65,44.7,44.2
18/06/2019,13.91,0(0.00 %),763680,44.35,44.45,43.75
17/06/2019,13.91,-0.35(-0.79 %),1013550,44.1,44.5,43.9
14/06/2019,14.02,-0.15(-0.34 %),559800,44.6,44.9,44.4
13/06/2019,14.07,-0.5(-1.11 %),856270,45.05,45.1,44.5
12/06/2019,14.22,-0.15(-0.33 %),1284520,45.2,45.6,45.0
11/06/2019,14.27,0.1(0.22 %),1296500,45.1,45.6,44.9
10/06/2019,14.24,-0.1(-0.22 %),1227340,45.5,45.7,44.8
07/06/2019,14.27,0.7(1.57 %),1304680,44.8,45.25,44.7
06/06/2019,14.05,0.9(2.06 %),922740,43.8,44.7,43.6
05/06/2019,13.77,0.3(0.69 %),500100,43.5,43.9,43.5
04/06/2019,13.67,-0.2(-0.46 %),537160,43.5,43.7,43.25
03/06/2019,13.73,-0.6(-1.36 %),881810,44.0,44.1,43.5
31/05/2019,13.92,-0.45(-1.01 %),611860,44.6,44.8,44.1
30/05/2019,14.07,0.45(1.02 %),986450,44.1,44.7,43.9
29/05/2019,13.92,-0.75(-1.67 %),1505300,44.85,44.85,44.0
28/05/2019,14.16,-0.4(-0.88 %),518470,45.0,45.4,44.75
27/05/2019,14.29,-0.35(-0.77 %),1261950,45.3,45.45,44.65
24/05/2019,14.4,-0.1(-0.22 %),1014750,45.5,45.95,45.25
23/05/2019,14.43,0.45(0.99 %),1267520,45.25,45.8,45.2
22/05/2019,14.29,-0.65(-1.42 %),1563650,45.25,46.15,45.25
21/05/2019,14.49,0.65(1.44 %),1016530,45.5,46.05,45.35
20/05/2019,14.29,0.8(1.80 %),1792130,44.5,45.3,44.5
17/05/2019,14.03,-5.2(-10.47 %),1487590,45.0,45.0,44.3
16/05/2019,15.32,-0.75(-1.49 %),1891290,50.4,50.7,49.65
15/05/2019,15.55,0.2(0.40 %),1539940,50.5,50.6,50.1
14/05/2019,15.49,0.7(1.41 %),1560830,49.4,50.8,49.1
13/05/2019,15.27,0.5(1.02 %),850540,49.0,49.8,49.0
10/05/2019,15.12,0.4(0.82 %),1027830,49.0,49.25,48.75
09/05/2019,15.0,-1.05(-2.11 %),860940,49.6,49.65,48.6
08/05/2019,15.32,-0.05(-0.10 %),959020,49.3,49.7,49.0
07/05/2019,15.33,0.95(1.95 %),1094880,49.1,49.7,49.05
06/05/2019,15.04,-1.25(-2.50 %),1455140,49.0,49.4,48.45
03/05/2019,15.43,0.15(0.30 %),1059570,49.9,50.0,49.6
02/05/2019,15.38,0.3(0.61 %),885020,49.8,50.2,49.65
26/04/2019,15.29,0.75(1.54 %),864950,48.9,49.75,48.8
25/04/2019,15.06,0.25(0.51 %),970660,48.5,49.15,48.45
24/04/2019,14.98,0.65(1.36 %),855130,48.5,48.65,48.1
23/04/2019,14.78,0(0.00 %),549400,47.9,48.45,47.5
22/04/2019,14.78,-0.55(-1.14 %),826090,48.5,48.5,47.8
19/04/2019,14.95,-0.05(-0.10 %),453980,48.7,48.9,48.4
18/04/2019,14.96,0(0.00 %),975930,48.5,49.25,48.05
17/04/2019,14.96,0.6(1.25 %),1959530,48.3,49.5,48.2
16/04/2019,14.78,-0.3(-0.62 %),907000,47.5,48.2,47.5
12/04/2019,14.87,1.2(2.55 %),875090,46.85,48.4,46.85
11/04/2019,14.5,0.1(0.21 %),359910,46.9,47.5,46.85
10/04/2019,14.47,-0.4(-0.85 %),731100,47.0,47.3,46.75
09/04/2019,14.59,-0.5(-1.05 %),1011680,47.8,48.5,47.3
08/04/2019,14.75,0(0.00 %),452660,47.65,48.0,47.45
05/04/2019,14.75,0(0.00 %),615200,47.8,47.9,47.45
04/04/2019,14.75,0.6(1.27 %),1716130,47.5,48.2,47.25
03/04/2019,14.56,1.2(2.61 %),1034100,46.4,47.2,46.0
02/04/2019,14.19,0.2(0.44 %),1354480,45.8,46.7,45.8
01/04/2019,14.13,0.3(0.66 %),327500,45.9,45.9,45.5
29/03/2019,14.04,0.35(0.78 %),446750,45.6,45.6,45.3
28/03/2019,13.93,0.15(0.33 %),362360,44.75,45.35,44.75
27/03/2019,13.88,0.25(0.56 %),589040,44.8,45.1,44.8
26/03/2019,13.81,0.35(0.79 %),386120,45.0,45.0,44.5
25/03/2019,13.7,-0.65(-1.44 %),633520,44.2,45.0,44.2
22/03/2019,13.9,-0.05(-0.11 %),687690,45.1,45.4,45.05
21/03/2019,13.92,-0.35(-0.77 %),825740,45.8,45.8,45.1
20/03/2019,14.02,-0.25(-0.55 %),797270,45.6,45.9,45.25
19/03/2019,14.1,-0.5(-1.08 %),914720,46.2,46.3,45.7
18/03/2019,14.25,0.2(0.43 %),994080,46.3,46.45,45.95
15/03/2019,14.19,-0.25(-0.54 %),1041840,46.25,46.3,45.75
14/03/2019,14.27,0.05(0.11 %),533480,46.2,46.5,46.0
13/03/2019,14.25,-0.3(-0.65 %),1001890,46.5,46.7,46.2
12/03/2019,14.35,2(4.49 %),1930870,44.75,46.5,44.75
11/03/2019,13.73,-0.15(-0.34 %),364520,44.65,44.85,44.45
08/03/2019,13.78,-0.1(-0.22 %),693180,44.7,44.8,44.45
07/03/2019,13.81,0.15(0.34 %),374340,44.6,45.0,44.6
06/03/2019,13.76,-0.3(-0.67 %),695230,44.95,45.1,44.45
05/03/2019,13.85,-0.1(-0.22 %),824300,45.0,45.2,44.8
04/03/2019,13.88,0.4(0.90 %),806770,44.6,45.2,44.6
01/03/2019,13.76,0.4(0.90 %),590780,44.55,44.6,44.15
28/02/2019,13.64,-0.9(-2.00 %),1372190,45.1,45.1,44.2
27/02/2019,13.92,-0.1(-0.22 %),485650,45.2,45.45,44.9
26/02/2019,13.95,-0.3(-0.66 %),663220,45.6,45.6,45.0
25/02/2019,14.04,0.3(0.66 %),1023660,45.55,46.2,45.45
22/02/2019,13.95,0.4(0.89 %),1243720,44.8,45.4,44.4
21/02/2019,13.82,-0.05(-0.11 %),749950,44.7,44.9,44.3
20/02/2019,13.84,0.45(1.01 %),499430,44.3,45.05,44.3
19/02/2019,13.7,0(0.00 %),1470880,44.7,45.15,44.3
18/02/2019,13.7,0.2(0.45 %),306310,44.5,44.6,44.1
15/02/2019,13.64,-0.05(-0.11 %),647230,44.25,44.45,44.0
14/02/2019,13.65,-0.3(-0.67 %),616980,44.65,44.9,44.25
13/02/2019,13.75,0.65(1.48 %),1125370,44.0,45.0,44.0
12/02/2019,13.55,-0.25(-0.57 %),701570,44.0,44.6,43.9
11/02/2019,13.62,1.55(3.64 %),1000430,43.0,44.3,42.7
01/02/2019,13.14,-0.6(-1.39 %),599890,43.2,43.2,41.5
31/01/2019,13.33,0(0.00 %),517260,43.3,43.4,42.9
30/01/2019,13.33,0.7(1.65 %),689260,42.5,43.4,42.4
29/01/2019,13.11,0.4(0.95 %),430580,42.4,42.5,42.0
28/01/2019,12.99,-0.3(-0.71 %),216330,42.5,42.5,42.1
25/01/2019,13.08,-0.05(-0.12 %),213470,42.4,42.6,42.3
24/01/2019,13.1,0.1(0.24 %),234470,42.4,42.6,42.35
23/01/2019,13.07,0(0.00 %),193460,42.3,42.4,42.15
22/01/2019,13.07,-0.15(-0.35 %),141480,42.5,42.75,42.35
21/01/2019,13.11,0.5(1.19 %),247800,42.2,42.8,42.2
18/01/2019,12.96,0(0.00 %),227150,42.1,42.5,42.0
17/01/2019,12.96,-0.55(-1.29 %),379770,42.5,42.75,42.0
16/01/2019,13.13,-0.25(-0.58 %),186590,42.55,43.0,42.55
15/01/2019,13.21,0.3(0.71 %),339480,42.3,42.8,42.3
14/01/2019,13.11,0.3(0.71 %),398400,42.3,42.6,42.0
11/01/2019,13.02,0.05(0.12 %),596090,42.4,42.55,42.05
10/01/2019,13.01,-0.25(-0.59 %),207330,42.4,42.55,42.15
09/01/2019,13.08,0.4(0.95 %),309040,42.1,42.6,41.9
08/01/2019,12.96,0.2(0.48 %),295660,41.8,42.0,41.7
07/01/2019,12.9,0.7(1.70 %),408470,41.8,42.1,41.6
04/01/2019,12.68,0.3(0.74 %),318570,40.6,41.45,40.5
03/01/2019,12.59,-0.4(-0.97 %),716600,41.45,41.45,40.7
02/01/2019,12.71,-1(-2.37 %),459120,41.2,42.15,41.15
28/12/2018,13.02,0.4(0.96 %),387170,42.05,42.2,41.8
27/12/2018,12.9,0.4(0.97 %),454860,42.1,42.25,41.8
26/12/2018,12.77,-0.1(-0.24 %),333590,41.5,41.85,41.4
25/12/2018,12.8,-0.5(-1.19 %),732310,41.4,41.5,41.0
24/12/2018,12.96,-0.5(-1.18 %),212530,42.6,42.8,42.0
21/12/2018,13.11,0.45(1.07 %),453810,41.9,42.5,41.9
20/12/2018,12.97,-0.05(-0.12 %),461210,42.3,42.4,42.05
19/12/2018,12.99,0.1(0.24 %),471580,42.0,42.6,41.85
18/12/2018,12.96,-1(-2.33 %),1125660,42.35,42.8,41.85
17/12/2018,13.27,-1.15(-2.60 %),777640,44.1,44.1,43.0
14/12/2018,13.62,-0.45(-1.01 %),787920,44.6,44.8,44.1
13/12/2018,13.76,0.15(0.34 %),780570,44.95,45.25,44.5
12/12/2018,13.71,0.4(0.91 %),664120,44.05,44.55,44.05
11/12/2018,13.59,-0.15(-0.34 %),382700,44.3,44.5,43.9
10/12/2018,13.64,-0.9(-2.00 %),694990,44.8,45.0,44.2
07/12/2018,13.92,0.7(1.58 %),763170,44.6,45.35,44.6
06/12/2018,13.7,-0.2(-0.45 %),484120,44.5,44.8,44.05
05/12/2018,13.76,-0.35(-0.78 %),605880,44.45,44.95,44.4
04/12/2018,13.87,0.05(0.11 %),1011170,44.9,45.5,44.75
03/12/2018,13.85,2(4.66 %),1136360,43.2,44.9,43.2
30/11/2018,13.24,0(0.00 %),323780,42.9,42.95,42.65
29/11/2018,13.24,0.1(0.23 %),523610,43.3,43.5,42.9
28/11/2018,13.21,0.05(0.12 %),256240,42.75,42.85,42.55
27/11/2018,13.19,0.3(0.71 %),341670,42.9,42.9,42.5
26/11/2018,13.1,-0.6(-1.39 %),483470,43.05,43.05,42.45
23/11/2018,13.28,-0.35(-0.81 %),346060,43.1,43.45,43.0
22/11/2018,13.39,0(0.00 %),323300,43.4,43.6,43.25
21/11/2018,13.39,0(0.00 %),513360,42.8,43.4,42.7
20/11/2018,13.39,0.25(0.58 %),550140,43.2,43.4,42.85
19/11/2018,13.31,0.4(0.94 %),396020,43.0,43.2,42.8
16/11/2018,13.19,0.55(1.30 %),639910,42.5,42.9,42.25
15/11/2018,13.02,-0.05(-0.12 %),498790,42.0,42.4,41.7
14/11/2018,13.04,0.6(1.44 %),752440,41.9,42.25,41.6
13/11/2018,12.85,-0.3(-0.72 %),438030,41.2,41.75,41.2
12/11/2018,12.94,0.7(1.70 %),273110,41.2,41.95,41.15
09/11/2018,12.73,-0.9(-2.14 %),635120,41.8,42.1,41.2
08/11/2018,13.01,0.3(0.72 %),352130,42.25,42.4,41.95
07/11/2018,12.91,-0.3(-0.71 %),495560,42.15,42.5,41.65
06/11/2018,13.01,-0.4(-0.94 %),470930,42.7,42.75,42.1
05/11/2018,13.13,-0.35(-0.82 %),265620,42.6,43.0,42.2
02/11/2018,13.24,1(2.39 %),593810,42.35,43.0,42.05
01/11/2018,12.93,-0.05(-0.12 %),469760,42.05,42.4,41.9
31/10/2018,12.94,0.95(2.32 %),325140,41.75,42.0,41.3
30/10/2018,12.65,0(0.00 %),452630,41.1,41.8,40.85
29/10/2018,12.65,0.2(0.49 %),462380,40.5,41.45,40.5
26/10/2018,12.59,-0.25(-0.61 %),919770,41.5,41.75,40.8
25/10/2018,12.67,-0.75(-1.79 %),757730,40.0,41.3,40.0
24/10/2018,12.9,-0.4(-0.95 %),562380,42.05,42.55,41.8
23/10/2018,13.02,-0.95(-2.20 %),1150850,43.15,43.15,41.6
22/10/2018,13.31,0.15(0.35 %),429360,43.4,43.7,43.1
19/10/2018,13.27,-0.6(-1.38 %),925420,43.0,43.5,42.9
18/10/2018,13.45,0(0.00 %),710630,43.7,44.0,43.4
17/10/2018,13.45,0.35(0.81 %),474320,43.8,44.0,43.5
16/10/2018,13.34,0.25(0.58 %),603710,43.5,43.5,42.7
15/10/2018,13.27,-0.8(-1.83 %),495650,43.8,44.0,43.0
12/10/2018,13.51,1.1(2.58 %),1377940,42.5,44.0,41.7
11/10/2018,13.17,-2.6(-5.74 %),2177930,42.7,44.4,42.3
10/10/2018,13.98,0.6(1.34 %),695690,44.7,45.4,44.7
09/10/2018,13.79,-0.3(-0.67 %),399440,45.0,45.15,44.7
08/10/2018,13.88,-0.6(-1.32 %),511810,45.5,45.5,45.0
05/10/2018,14.07,-0.25(-0.55 %),508450,45.95,46.0,45.55
04/10/2018,14.15,0.35(0.77 %),471280,45.5,46.0,45.4
03/10/2018,14.04,0.2(0.44 %),373060,45.3,45.7,45.25
02/10/2018,13.98,-0.7(-1.52 %),854660,45.85,46.0,45.25
01/10/2018,14.19,-0.3(-0.65 %),519760,46.3,46.45,45.95
28/09/2018,14.29,0.1(0.22 %),559790,46.5,46.5,46.25
27/09/2018,14.25,0.15(0.33 %),750790,46.05,46.5,46.05
26/09/2018,14.21,0.15(0.33 %),1028940,46.0,46.8,45.85
25/09/2018,14.16,-0.2(-0.43 %),746530,45.9,46.1,45.8
24/09/2018,14.22,0.2(0.44 %),991190,45.9,46.5,45.8
21/09/2018,14.16,0(0.00 %),1327270,46.05,46.05,45.2
20/09/2018,14.16,0.45(0.99 %),1126260,45.05,46.2,45.05
19/09/2018,14.02,0.65(1.45 %),1352060,45.0,45.65,44.8
18/09/2018,13.82,0.7(1.59 %),799660,43.7,44.8,43.7
17/09/2018,13.61,-0.45(-1.01 %),564810,44.5,44.5,44.1
14/09/2018,13.75,1.15(2.65 %),2772660,43.6,44.7,43.6
13/09/2018,13.39,0.35(0.81 %),646170,43.7,43.9,43.2
12/09/2018,13.28,-0.1(-0.23 %),477500,43.5,43.7,43.05
11/09/2018,13.31,0.6(1.41 %),562280,42.55,43.2,42.55
10/09/2018,13.13,-0.45(-1.05 %),367280,43.2,43.2,42.55
07/09/2018,13.27,0.65(1.53 %),508770,42.5,43.0,42.35
06/09/2018,13.07,-0.95(-2.19 %),1206190,43.1,43.3,42.35
05/09/2018,13.36,-0.8(-1.81 %),843460,44.05,44.2,43.0
04/09/2018,13.61,-0.1(-0.23 %),634400,44.1,44.7,44.0
31/08/2018,13.64,0.05(0.11 %),1027280,44.15,44.9,44.1
30/08/2018,13.62,-0.05(-0.11 %),632170,44.2,44.2,43.95
29/08/2018,13.64,0(0.00 %),775370,44.15,44.4,43.95
28/08/2018,13.64,-0.2(-0.45 %),909720,44.3,44.45,44.05
27/08/2018,13.7,-0.05(-0.11 %),808140,44.3,44.5,44.2
24/08/2018,13.71,0.05(0.11 %),629740,44.4,44.5,43.9
23/08/2018,13.7,0.35(0.79 %),1004880,44.1,44.5,44.1
22/08/2018,13.59,0.35(0.80 %),1152700,43.75,44.3,43.7
21/08/2018,13.48,0(0.00 %),720470,43.6,43.8,43.4
20/08/2018,13.48,0.2(0.46 %),955270,43.5,44.3,43.15
17/08/2018,13.42,0.5(1.16 %),928050,43.2,43.5,43.0
16/08/2018,13.27,0.2(0.47 %),1378580,42.9,43.0,42.45
15/08/2018,11.45,-0.5(-1.13 %),1658080,44.3,44.7,43.7
14/08/2018,11.59,0.85(1.96 %),1601310,43.75,44.35,43.6
13/08/2018,11.36,0.35(0.81 %),1038760,43.1,43.7,43.1
10/08/2018,11.27,0.3(0.70 %),797270,42.8,43.45,42.7
09/08/2018,11.19,0.3(0.71 %),1232720,43.0,43.2,42.55
08/08/2018,11.11,0.55(1.31 %),764020,41.95,42.6,41.9
07/08/2018,10.97,-0.3(-0.71 %),645810,42.3,42.3,41.75
06/08/2018,11.05,-0.35(-0.82 %),350030,42.4,42.7,42.25
03/08/2018,11.14,-0.1(-0.23 %),719840,43.0,43.1,42.4
02/08/2018,11.17,0.7(1.67 %),726710,42.0,42.7,41.6
01/08/2018,10.98,-0.8(-1.87 %),2431450,42.7,43.05,41.9
31/07/2018,11.19,-0.5(-1.15 %),1591210,43.3,43.5,42.8
30/07/2018,11.32,0(0.00 %),1197220,43.4,43.5,43.2
27/07/2018,11.32,0.75(1.76 %),1291840,42.9,43.9,42.55
26/07/2018,11.13,0.15(0.35 %),717640,42.7,43.0,42.1
25/07/2018,11.09,0.2(0.47 %),1326030,42.3,43.8,42.2
24/07/2018,11.04,0.2(0.48 %),1167460,42.0,42.45,41.4
23/07/2018,10.98,0.4(0.96 %),1111700,42.0,42.7,41.85
20/07/2018,10.88,-0.9(-2.12 %),851350,42.3,42.3,41.25
19/07/2018,11.11,-0.4(-0.93 %),753150,42.2,42.9,42.2
18/07/2018,11.22,1(2.39 %),1096080,42.0,42.9,41.9
17/07/2018,10.96,1(2.44 %),1297460,40.7,41.9,40.55
16/07/2018,10.7,0.3(0.74 %),645230,41.1,41.5,40.65
13/07/2018,10.62,1.8(4.64 %),1060620,39.5,40.8,39.3
12/07/2018,10.15,-0.4(-1.02 %),684480,38.8,39.65,38.5
11/07/2018,10.25,-1.2(-2.97 %),801770,39.5,40.0,38.6
10/07/2018,10.57,0.25(0.62 %),249100,40.3,40.7,40.0
09/07/2018,10.5,-0.65(-1.59 %),583920,41.0,41.35,39.8
06/07/2018,10.67,1.3(3.29 %),913260,39.0,41.7,38.9
05/07/2018,10.33,-0.5(-1.25 %),711240,40.0,40.1,38.5
04/07/2018,10.46,1(2.56 %),980200,39.05,40.0,38.5
03/07/2018,10.2,-1.2(-2.99 %),1351030,40.2,40.65,39.0
02/07/2018,10.51,-1.3(-3.13 %),979030,41.5,41.9,40.0
29/06/2018,10.85,-1(-2.35 %),759780,42.5,43.0,41.5
28/06/2018,11.11,-1.8(-4.06 %),1175250,44.3,44.3,42.5
27/06/2018,11.59,-0.2(-0.45 %),256990,44.9,44.9,44.25
26/06/2018,11.64,-0.6(-1.33 %),240850,44.5,44.8,44.3
25/06/2018,11.79,0.1(0.22 %),511540,45.4,45.4,44.9
22/06/2018,11.77,0.6(1.35 %),375270,44.3,45.0,43.9
21/06/2018,11.61,-1(-2.20 %),349770,45.4,45.4,44.1
20/06/2018,11.87,0.9(2.02 %),650560,44.9,45.4,44.0
19/06/2018,11.64,-0.9(-1.98 %),2015520,45.1,45.1,42.7
18/06/2018,11.87,-1.1(-2.37 %),693660,46.9,46.9,45.4
15/06/2018,12.16,-0.1(-0.21 %),442100,46.3,46.7,46.25
14/06/2018,12.19,-0.2(-0.43 %),460360,47.0,47.25,46.6
13/06/2018,12.24,0.5(1.08 %),452120,46.0,46.9,46.0
12/06/2018,12.11,-1.2(-2.53 %),1257200,47.5,47.5,45.7
11/06/2018,12.42,-0.45(-0.94 %),721890,47.75,47.95,47.5
08/06/2018,12.54,0.15(0.31 %),1050890,47.9,48.2,47.5
07/06/2018,12.5,-0.7(-1.44 %),1138280,48.9,48.9,47.7
06/06/2018,12.68,0.7(1.46 %),1017540,48.0,48.5,47.3
05/06/2018,12.5,0.55(1.16 %),1347750,47.5,48.1,47.2
04/06/2018,12.36,0.8(1.72 %),1150670,46.5,47.45,46.35
01/06/2018,12.15,0.45(0.98 %),1291490,46.0,46.7,45.7
31/05/2018,12.03,0.55(1.21 %),1105040,45.05,46.7,45.0
30/05/2018,11.89,-1.95(-4.11 %),1590980,47.3,47.3,45.4
29/05/2018,12.4,1.9(4.18 %),2350500,45.5,48.2,44.85
28/05/2018,11.9,-3.4(-6.95 %),2034970,47.2,48.2,45.5
25/05/2018,12.79,-1.53(-3.03 %),788360,51.0,51.0,48.9
24/05/2018,15.24,-1.1(-1.82 %),1035660,60.9,61.2,59.5
23/05/2018,15.52,0.9(1.51 %),1077080,60.0,61.0,59.5
22/05/2018,15.29,-1.3(-2.13 %),1101490,61.0,61.5,59.5
21/05/2018,15.62,0.2(0.33 %),1483830,61.2,62.4,61.0
18/05/2018,15.57,0.2(0.33 %),979930,60.6,61.0,58.8
17/05/2018,15.52,0.1(0.17 %),719700,60.4,61.4,60.4
16/05/2018,15.5,-0.9(-1.47 %),672930,61.0,61.4,60.5
15/05/2018,15.73,-0.2(-0.32 %),910810,62.0,62.0,61.0
14/05/2018,15.78,2.1(3.53 %),2012550,60.1,61.7,59.6
11/05/2018,15.24,1.2(2.06 %),1169610,58.0,59.5,58.0
10/05/2018,14.93,-0.1(-0.17 %),1546130,58.4,59.4,58.0
09/05/2018,14.96,-0.6(-1.02 %),1004740,58.6,59.1,58.1
08/05/2018,15.11,-0.6(-1.01 %),1114210,59.2,59.6,58.8
07/05/2018,15.27,0.8(1.36 %),878040,58.8,59.6,58.6
04/05/2018,15.06,0.8(1.38 %),1171180,58.5,59.0,58.2
03/05/2018,14.86,1(1.75 %),2162850,56.8,58.0,55.7
02/05/2018,14.6,0(0.00 %),1370180,57.0,58.0,56.8
27/04/2018,14.6,2(3.64 %),1597710,55.0,57.4,54.9
26/04/2018,14.09,-1.4(-2.48 %),2031810,56.9,57.7,55.0
24/04/2018,14.45,-1.6(-2.76 %),1850860,57.4,58.5,56.1
23/04/2018,14.86,-3.3(-5.38 %),1461440,61.3,61.7,57.2
20/04/2018,15.7,0.6(0.99 %),972550,61.0,61.5,60.3
19/04/2018,15.55,-1.3(-2.10 %),2377390,62.0,62.1,60.7
18/04/2018,15.88,0(0.00 %),1247240,62.3,62.9,61.9
17/04/2018,15.88,0.9(1.47 %),1105060,61.5,62.0,60.9
16/04/2018,15.65,-0.9(-1.45 %),1181050,62.0,62.4,60.9
13/04/2018,15.88,-1.6(-2.52 %),2146710,63.9,63.9,62.0
12/04/2018,16.29,0.6(0.95 %),1321110,63.0,63.6,62.1
11/04/2018,16.14,-1.4(-2.17 %),3296390,64.8,65.4,63.0
10/04/2018,16.5,1(1.58 %),4490010,63.6,65.2,63.5
09/04/2018,16.24,0.7(1.12 %),1502210,62.6,63.6,62.6
06/04/2018,16.06,-0.3(-0.48 %),3614250,64.2,64.3,62.7
05/04/2018,16.14,1.3(2.11 %),2874100,62.0,63.7,61.5
04/04/2018,15.8,0.5(0.82 %),2297950,62.0,62.8,61.6
03/04/2018,15.68,-0.3(-0.49 %),1140770,61.2,61.4,60.9
02/04/2018,15.75,0.8(1.32 %),2194820,61.5,61.7,61.0
30/03/2018,15.55,1.2(2.02 %),2434830,59.6,61.3,59.4
29/03/2018,15.24,0.6(1.02 %),827280,59.4,59.7,59.0
28/03/2018,15.09,-0.6(-1.01 %),660440,59.1,59.4,58.8
27/03/2018,15.24,0.3(0.51 %),993260,59.9,60.1,59.0
26/03/2018,15.16,0.6(1.02 %),940840,58.6,59.4,58.6
23/03/2018,15.01,-1.5(-2.50 %),2833670,59.0,59.6,58.0
22/03/2018,15.39,-0.9(-1.48 %),1264760,61.0,61.4,60.1
21/03/2018,15.62,-0.3(-0.49 %),999470,61.3,61.8,61.0
20/03/2018,15.7,0.8(1.32 %),2921440,60.2,62.3,60.0
19/03/2018,15.5,0.4(0.67 %),1337110,60.2,60.6,59.9
16/03/2018,15.39,-0.5(-0.83 %),1426890,60.1,60.8,59.7
15/03/2018,15.52,-0.2(-0.33 %),1189330,61.0,61.1,60.3
14/03/2018,15.57,0.7(1.16 %),2070230,60.1,60.8,59.4
13/03/2018,15.39,-1.3(-2.12 %),4159670,61.2,61.2,59.4
12/03/2018,15.73,-0.2(-0.32 %),1611250,61.4,62.6,61.4
09/03/2018,15.78,-0.6(-0.96 %),2068410,62.7,63.1,61.5
08/03/2018,15.93,0(0.00 %),1316600,62.0,62.5,61.3
07/03/2018,15.93,-1.1(-1.74 %),2000410,63.5,63.7,61.5
06/03/2018,16.21,1.8(2.93 %),2577540,62.5,63.3,61.7
05/03/2018,15.75,0.4(0.65 %),6025340,61.3,64.5,61.3
02/03/2018,15.65,0.3(0.49 %),1840930,60.5,61.3,60.0
01/03/2018,15.57,1(1.67 %),2114250,59.4,61.2,59.1
28/02/2018,15.32,0(0.00 %),1835710,59.2,60.4,59.1
27/02/2018,15.32,-0.6(-0.99 %),1415610,60.7,60.8,59.5
26/02/2018,15.47,-0.1(-0.17 %),2467750,61.0,61.8,60.4
23/02/2018,15.5,2.1(3.60 %),1607200,58.5,60.6,58.5
22/02/2018,14.96,-1(-1.68 %),1433060,59.3,59.5,58.2
21/02/2018,15.21,0.4(0.68 %),1574450,60.1,60.3,59.0
13/02/2018,15.11,1.9(3.33 %),1448350,58.2,59.3,57.8
12/02/2018,14.63,2.1(3.82 %),1166010,56.3,57.1,54.5
09/02/2018,14.09,-0.2(-0.36 %),2139970,52.5,55.0,52.5
08/02/2018,14.14,-1.4(-2.47 %),1709000,56.0,57.0,55.0
07/02/2018,14.5,2.4(4.43 %),1872960,57.0,57.3,56.0
06/02/2018,13.88,-2.9(-5.08 %),5312890,54.2,56.5,53.2
05/02/2018,14.63,-3.9(-6.39 %),3754890,60.1,60.8,57.1
02/02/2018,15.62,-0.6(-0.97 %),1671290,61.6,61.8,60.5
01/02/2018,15.78,-1.3(-2.07 %),2086500,62.9,63.5,61.6
31/01/2018,16.11,-1.1(-1.72 %),3988780,64.8,65.5,62.9
30/01/2018,16.39,3.7(6.14 %),4719350,59.8,64.0,59.5
29/01/2018,15.45,-0.5(-0.82 %),1335440,60.9,61.9,59.9
26/01/2018,15.57,-0.3(-0.49 %),1631780,62.0,62.0,60.5
25/01/2018,15.65,0.2(0.33 %),5368250,61.5,62.6,60.9
22/01/2018,15.6,2(3.40 %),2509650,59.5,61.5,59.4
19/01/2018,15.09,-0.1(-0.17 %),2002690,59.0,59.8,58.9
18/01/2018,15.11,0(0.00 %),3314290,58.3,59.0,57.6
17/01/2018,15.11,-2(-3.28 %),2259230,61.0,61.1,59.0
16/01/2018,15.62,0(0.00 %),1512380,60.9,61.5,60.3
15/01/2018,15.62,0.8(1.33 %),2296030,60.1,61.2,59.7
12/01/2018,15.42,-1.3(-2.11 %),2824950,61.8,62.0,60.2
11/01/2018,15.75,0(0.00 %),2420150,61.1,61.9,60.7
10/01/2018,15.75,-0.6(-0.97 %),2610670,62.0,63.0,61.1
09/01/2018,15.91,1.2(1.97 %),4010010,61.0,62.3,60.3
08/01/2018,15.6,0.9(1.50 %),2529030,59.6,60.9,59.3
05/01/2018,15.37,-1(-1.64 %),2851450,61.0,61.1,59.9
04/01/2018,15.62,1.2(2.01 %),2784800,60.0,61.0,59.9
03/01/2018,15.32,0(0.00 %),2829930,60.5,60.7,59.5
02/01/2018,15.32,2.7(4.73 %),5022160,57.3,59.8,57.2
29/12/2017,14.63,-0.1(-0.17 %),1559860,57.2,57.6,57.0
28/12/2017,14.65,0.5(0.88 %),1916250,56.7,57.6,56.5
27/12/2017,14.52,-0.4(-0.70 %),1703070,57.5,57.5,56.6
26/12/2017,14.63,-0.5(-0.87 %),1246050,58.0,58.0,57.1
25/12/2017,14.75,0.5(0.88 %),2393910,57.3,58.1,57.3
22/12/2017,14.63,0.7(1.24 %),1738070,56.4,57.4,56.2
21/12/2017,14.45,0.1(0.18 %),1845520,56.8,57.4,56.1
20/12/2017,14.42,1.1(1.99 %),1960650,55.2,57.0,55.2
19/12/2017,14.14,-1.1(-1.95 %),2483570,56.3,56.7,54.9
18/12/2017,14.42,-0.2(-0.35 %),1793760,57.0,57.2,56.1
15/12/2017,14.47,0.6(1.07 %),1611640,56.0,56.8,55.5
14/12/2017,14.32,1.2(2.19 %),1276430,54.5,55.9,54.5
13/12/2017,14.01,1(1.86 %),1625860,54.3,54.8,53.7
12/12/2017,13.75,0.2(0.37 %),3113980,54.1,54.7,50.8
11/12/2017,13.7,-2(-3.60 %),2736380,54.5,55.2,53.5
08/12/2017,14.22,-0.6(-1.07 %),1924190,56.0,56.5,55.1
07/12/2017,14.37,-0.7(-1.23 %),1655580,56.8,57.5,55.8
06/12/2017,14.55,-0.5(-0.87 %),3522030,57.0,57.3,56.0
05/12/2017,14.68,-1.5(-2.55 %),3558740,58.8,59.3,57.3
04/12/2017,15.06,0.4(0.68 %),2204370,58.5,59.1,58.3
01/12/2017,14.96,0(0.00 %),1829280,58.2,58.6,57.7
30/11/2017,14.96,-0.9(-1.52 %),3002720,59.9,60.0,58.4
29/11/2017,15.19,1.8(3.13 %),3845300,58.0,59.7,57.4
28/11/2017,14.73,-0.7(-1.20 %),2292500,58.0,58.2,57.2
27/11/2017,14.91,0.3(0.52 %),2653980,58.0,59.7,58.0
24/11/2017,14.83,0.3(0.52 %),2370820,57.5,58.0,57.0
23/11/2017,14.75,-0.4(-0.69 %),3536130,58.0,58.8,57.2
22/11/2017,14.86,0.8(1.40 %),2596350,57.0,58.0,57.0
21/11/2017,14.65,-0.7(-1.21 %),3385720,58.2,58.8,57.2
20/11/2017,14.83,1.2(2.12 %),3802520,56.1,58.0,55.9
17/11/2017,14.52,-0.3(-0.53 %),3930560,57.3,57.3,55.9
16/11/2017,14.6,0.1(0.18 %),3733760,57.4,58.7,56.6
15/11/2017,14.57,3(5.57 %),4665890,56.9,57.0,54.0
14/11/2017,13.81,-0.1(-0.19 %),4332100,54.5,55.5,53.5
13/11/2017,13.83,1.8(3.45 %),4769280,52.2,54.8,51.9
10/11/2017,13.37,-0.4(-0.76 %),1369700,52.5,53.3,52.2
09/11/2017,13.47,-0.4(-0.75 %),1720600,53.4,53.5,52.4
08/11/2017,13.58,1.8(3.52 %),3385930,51.2,53.0,51.0
07/11/2017,13.11,-0.2(-0.39 %),1141790,51.5,51.5,50.9
06/11/2017,13.17,0.4(0.78 %),1608490,51.4,51.8,50.9
03/11/2017,13.06,0.5(0.99 %),1200390,50.0,51.0,49.4
02/11/2017,12.93,-0.3(-0.59 %),1244900,50.9,51.4,49.8
01/11/2017,13.01,0.4(0.79 %),907980,50.5,51.0,50.4
31/10/2017,12.91,0.4(0.80 %),1618160,50.0,51.4,49.6
30/10/2017,12.81,-0.2(-0.40 %),1707190,50.2,50.8,49.9
27/10/2017,12.86,0.6(1.21 %),734980,49.4,50.2,49.15
26/10/2017,12.7,-0.1(-0.20 %),1089860,49.8,49.9,49.0
25/10/2017,12.73,0.4(0.81 %),768500,49.5,49.8,49.3
24/10/2017,12.63,0(0.00 %),879390,49.3,49.8,49.15
23/10/2017,12.63,-1(-1.99 %),1116150,49.3,50.3,49.3
20/10/2017,12.88,-0.3(-0.59 %),767080,50.3,50.7,50.0
19/10/2017,12.96,0.1(0.20 %),977340,50.5,51.2,50.1
18/10/2017,12.93,-1(-1.94 %),1237160,51.4,51.9,50.5
17/10/2017,13.19,0.1(0.19 %),861260,51.5,51.5,50.9
16/10/2017,13.17,0.2(0.39 %),1249640,51.0,52.0,50.9
13/10/2017,13.11,0.2(0.39 %),1078760,51.2,51.3,50.6
12/10/2017,13.06,1.1(2.20 %),2004500,50.0,51.4,50.0
11/10/2017,12.78,0.6(1.22 %),2540980,49.4,50.5,49.3
10/10/2017,12.63,0.5(1.02 %),1234640,48.75,49.3,48.75
09/10/2017,12.5,0.05(0.10 %),585830,49.0,49.0,48.6
06/10/2017,12.49,0.45(0.93 %),569960,48.3,48.8,48.3
05/10/2017,12.37,0.25(0.52 %),658270,48.4,48.95,48.0
04/10/2017,12.31,0.2(0.42 %),518400,47.9,48.2,47.8
03/10/2017,12.26,-0.35(-0.73 %),1087970,48.2,48.2,47.65
02/10/2017,12.35,-0.55(-1.13 %),911190,48.75,48.95,48.05
29/09/2017,12.49,-0.2(-0.41 %),395560,48.9,49.0,48.6
28/09/2017,12.54,-0.05(-0.10 %),774370,49.0,49.25,48.4
27/09/2017,12.55,0(0.00 %),868830,49.0,49.4,48.7
26/09/2017,12.55,0.15(0.31 %),878850,48.85,49.0,48.5
25/09/2017,12.51,-0.6(-1.21 %),745050,49.75,49.75,48.85
22/09/2017,12.67,0.05(0.10 %),1394280,49.6,49.95,49.4
21/09/2017,12.65,0.75(1.54 %),2667670,48.9,49.6,48.75
20/09/2017,12.46,0.25(0.52 %),631410,48.65,48.75,48.35
19/09/2017,12.4,0.05(0.10 %),869330,48.5,48.85,48.4
18/09/2017,12.38,0.15(0.31 %),803430,48.35,48.4,48.0
15/09/2017,12.35,-0.15(-0.31 %),794420,48.3,48.5,48.0
14/09/2017,12.38,-0.4(-0.82 %),857090,49.0,49.0,48.35
13/09/2017,12.49,0.65(1.35 %),1944610,48.3,49.4,48.3
12/09/2017,12.32,0.75(1.58 %),853680,47.5,48.1,47.4
11/09/2017,12.13,-0.35(-0.73 %),843320,47.7,48.2,47.3
08/09/2017,12.22,-0.2(-0.42 %),478140,48.0,48.0,47.7
07/09/2017,12.27,-0.3(-0.62 %),479950,48.0,48.3,47.9
06/09/2017,12.35,-0.3(-0.62 %),510590,48.45,48.45,47.8
05/09/2017,12.42,-0.1(-0.21 %),447330,48.6,48.6,48.25
01/09/2017,12.45,0.1(0.21 %),268680,48.6,48.65,48.3
31/08/2017,12.42,0.7(1.46 %),1115030,47.8,48.8,47.8
30/08/2017,12.24,0.05(0.10 %),322140,47.65,47.9,47.55
29/08/2017,12.23,0.15(0.32 %),828090,47.5,48.1,47.45
28/08/2017,12.19,0.1(0.21 %),569140,47.3,47.6,47.25
25/08/2017,12.17,-0.2(-0.42 %),374570,47.8,47.85,47.5
24/08/2017,12.22,0.5(1.06 %),433820,47.4,47.8,47.2
23/08/2017,12.09,0.1(0.21 %),517300,47.0,47.5,47.0
22/08/2017,12.06,-0.65(-1.36 %),416720,47.7,47.75,47.1
21/08/2017,12.23,0.25(0.53 %),355750,48.0,48.0,47.5
18/08/2017,12.17,0.1(0.21 %),363920,47.4,47.8,46.9
17/08/2017,12.14,-0.2(-0.42 %),640030,48.0,48.2,47.4
16/08/2017,10.6,-0.3(-0.61 %),814430,48.9,48.9,48.45
15/08/2017,10.67,-0.3(-0.61 %),820690,49.2,49.2,48.5
14/08/2017,10.74,-0.25(-0.51 %),773240,50.0,50.0,49.2
11/08/2017,10.79,0.55(1.12 %),548460,49.0,49.5,48.6
10/08/2017,10.67,0.5(1.03 %),872820,48.0,48.95,48.0
09/08/2017,10.56,-0.55(-1.12 %),1842380,48.9,48.9,48.15
08/08/2017,10.68,-0.9(-1.81 %),1460460,49.85,50.0,48.95
07/08/2017,10.88,-0.25(-0.50 %),766980,50.1,50.1,49.7
04/08/2017,10.93,0(0.00 %),827080,50.3,50.4,49.55
03/08/2017,10.93,0.7(1.42 %),1998770,49.7,51.1,49.5
02/08/2017,10.78,0.4(0.82 %),2150390,49.15,49.9,48.7
01/08/2017,10.69,0.65(1.34 %),1455870,48.45,49.45,48.2
31/07/2017,10.55,-0.2(-0.41 %),663380,48.5,48.6,48.1
28/07/2017,10.59,0.35(0.73 %),1611740,48.2,48.65,47.9
27/07/2017,10.52,0.4(0.84 %),1244010,48.0,48.65,47.7
26/07/2017,10.43,1.1(2.36 %),702050,46.7,47.8,46.7
25/07/2017,10.19,0.2(0.43 %),592490,46.5,46.9,46.2
24/07/2017,10.15,0.3(0.65 %),596990,46.2,46.6,46.0
21/07/2017,10.08,-0.6(-1.28 %),663330,47.0,47.3,46.2
20/07/2017,10.21,-0.1(-0.21 %),896480,46.6,46.9,46.2
19/07/2017,10.23,-0.9(-1.88 %),984170,47.8,48.3,46.6
18/07/2017,10.43,-0.2(-0.42 %),866850,47.6,48.0,47.35
17/07/2017,10.47,-0.7(-1.44 %),905330,48.7,48.7,47.7
14/07/2017,10.63,-0.15(-0.31 %),541080,48.85,48.95,48.4
13/07/2017,10.66,0.9(1.88 %),972830,47.8,48.85,47.7
12/07/2017,10.46,0.35(0.74 %),758630,47.9,48.1,47.05
11/07/2017,10.39,-0.6(-1.24 %),1027560,47.9,48.1,47.0
10/07/2017,10.52,-0.4(-0.82 %),1816570,48.2,48.7,47.6
07/07/2017,10.6,0.7(1.46 %),2447400,48.1,49.4,48.0
06/07/2017,10.45,1.2(2.57 %),1924630,46.75,47.9,46.6
05/07/2017,10.19,0.1(0.21 %),508490,46.5,46.7,46.45
04/07/2017,10.17,0.2(0.43 %),922560,46.5,46.7,46.3
03/07/2017,10.12,-0.45(-0.96 %),662700,46.85,46.85,46.3
30/06/2017,10.22,0.35(0.75 %),1117400,46.5,46.85,45.8
29/06/2017,10.15,0.15(0.32 %),730260,46.3,46.65,46.3
28/06/2017,10.11,0.65(1.42 %),940300,45.9,46.4,45.65
27/06/2017,9.97,-1(-2.14 %),2818290,46.5,46.6,45.45
26/06/2017,10.19,-0.75(-1.58 %),1375990,47.85,47.85,46.5
23/06/2017,10.35,-0.15(-0.32 %),759780,47.6,47.8,47.2
22/06/2017,10.39,0.1(0.21 %),1244630,47.3,48.3,47.3
21/06/2017,10.36,1.35(2.93 %),1942410,46.3,47.5,46.05
20/06/2017,10.07,-0.15(-0.32 %),762030,46.5,46.5,46.0
19/06/2017,10.1,0.6(1.31 %),1192040,46.0,46.4,45.95
16/06/2017,9.97,0.3(0.66 %),603990,45.5,45.75,45.3
15/06/2017,9.91,0.2(0.44 %),615030,45.25,45.4,45.05
14/06/2017,9.86,-0.15(-0.33 %),780590,45.8,45.8,45.1
13/06/2017,9.9,0.65(1.45 %),1573850,45.0,45.9,45.0
12/06/2017,9.75,-0.45(-1.00 %),553000,45.0,45.2,44.6
09/06/2017,9.85,0.95(2.15 %),1569640,44.2,45.5,44.2
08/06/2017,9.64,0.15(0.34 %),630430,44.0,44.35,43.7
07/06/2017,9.61,-0.25(-0.56 %),842710,44.8,44.8,44.05
06/06/2017,9.67,1.05(2.43 %),1481770,43.3,44.8,43.3
05/06/2017,9.44,0(0.00 %),666610,43.6,43.65,43.15
02/06/2017,9.44,-0.2(-0.46 %),809190,43.6,43.7,43.1
01/06/2017,9.48,0.45(1.05 %),787160,43.1,43.5,43.1
31/05/2017,9.38,0(0.00 %),1063000,43.0,43.55,43.0
30/05/2017,9.38,0.4(0.94 %),1868870,42.3,43.65,42.3
29/05/2017,9.3,0.5(1.19 %),634230,42.1,42.7,42.1
26/05/2017,9.19,-0.5(-1.17 %),868540,42.6,42.6,42.0
25/05/2017,9.3,0.77(1.84 %),1713400,43.0,43.0,42.45
24/05/2017,10.46,0.25(0.51 %),1304860,49.2,49.25,48.85
23/05/2017,10.41,0.35(0.72 %),2066240,48.65,49.4,48.5
22/05/2017,10.33,0.1(0.21 %),1719610,48.5,49.05,48.5
19/05/2017,10.31,0.5(1.04 %),718260,47.9,48.4,47.8
18/05/2017,10.21,0.1(0.21 %),909220,47.95,48.7,47.65
17/05/2017,10.18,0.3(0.63 %),553800,47.5,48.0,47.25
16/05/2017,10.12,-0.3(-0.63 %),638370,47.8,48.3,47.45
15/05/2017,10.18,-0.2(-0.42 %),506520,48.0,48.0,47.75
12/05/2017,10.23,-0.1(-0.21 %),528780,48.1,48.4,48.0
11/05/2017,10.25,0(0.00 %),709020,48.1,48.4,47.65
10/05/2017,10.25,-0.2(-0.41 %),1568980,48.5,48.95,48.1
09/05/2017,10.29,1.3(2.77 %),1168370,47.2,48.3,47.2
08/05/2017,10.01,-0.1(-0.21 %),367850,46.9,47.15,46.8
05/05/2017,10.03,0.1(0.21 %),309370,47.0,47.25,46.9
04/05/2017,10.01,0(0.00 %),692490,47.0,47.4,46.9
03/05/2017,10.01,0.55(1.18 %),806650,46.7,47.3,46.45
28/04/2017,9.9,-0.05(-0.11 %),444560,46.4,46.55,46.0
27/04/2017,9.91,0.5(1.09 %),1001040,46.1,46.7,46.1
26/04/2017,9.8,0.35(0.77 %),483590,45.9,46.05,45.7
25/04/2017,9.73,-0.1(-0.22 %),602100,45.6,46.0,45.5
24/04/2017,9.75,-0.1(-0.22 %),465680,45.85,46.05,45.65
21/04/2017,9.77,0(0.00 %),407700,46.2,46.4,45.85
20/04/2017,9.77,-0.15(-0.33 %),526060,46.0,46.35,45.8
19/04/2017,9.8,0(0.00 %),1132270,46.0,46.4,45.9
18/04/2017,9.8,0.3(0.66 %),596530,45.7,46.0,45.35
17/04/2017,9.74,-0.35(-0.76 %),1066820,46.05,46.5,45.7
14/04/2017,9.81,-1.2(-2.54 %),1444000,47.1,47.15,45.9
13/04/2017,10.07,-0.3(-0.63 %),518960,47.35,47.6,47.2
12/04/2017,10.13,0.6(1.28 %),1296510,47.0,47.75,46.95
11/04/2017,10.0,-0.05(-0.11 %),405130,47.0,47.3,46.8
10/04/2017,10.01,0(0.00 %),421960,47.0,47.25,46.9
07/04/2017,10.01,0.45(0.97 %),900280,46.35,47.05,46.35
05/04/2017,9.92,-0.45(-0.96 %),598970,47.0,47.0,46.55
04/04/2017,10.01,0.6(1.29 %),981010,46.35,47.0,46.35
03/04/2017,9.89,-0.9(-1.90 %),1994720,47.3,47.5,46.4
31/03/2017,10.08,0.2(0.42 %),1213360,47.1,47.7,47.0
30/03/2017,10.03,-0.4(-0.84 %),752470,47.5,47.85,47.1
29/03/2017,10.12,0.1(0.21 %),605170,47.4,47.8,47.2
28/03/2017,10.1,-0.2(-0.42 %),1161770,47.6,48.25,47.3
27/03/2017,10.14,-0.1(-0.21 %),1021940,47.6,48.0,47.25
24/03/2017,10.16,-0.3(-0.62 %),1937460,48.4,49.0,47.45
23/03/2017,10.23,1.9(4.12 %),2026020,46.0,48.0,45.9
22/03/2017,9.82,-0.5(-1.07 %),1208130,46.7,46.75,46.1
21/03/2017,9.93,0(0.00 %),1881270,46.8,47.25,46.6
20/03/2017,9.93,0.7(1.53 %),1573640,45.9,46.7,45.9
17/03/2017,9.78,0.2(0.44 %),987600,45.9,46.3,45.75
16/03/2017,9.74,0.15(0.33 %),610500,45.6,45.9,45.5
15/03/2017,9.7,-0.15(-0.33 %),632570,45.7,45.9,45.45
14/03/2017,9.74,-0.05(-0.11 %),600400,45.8,46.2,45.7
13/03/2017,9.75,-0.25(-0.54 %),463260,46.1,46.3,45.7
10/03/2017,9.8,0.5(1.10 %),1204950,46.0,46.4,45.7
09/03/2017,9.69,-0.3(-0.66 %),517110,45.8,45.9,45.5
08/03/2017,9.76,0(0.00 %),486250,45.7,46.0,45.55
07/03/2017,9.76,-0.15(-0.33 %),474030,46.0,46.0,45.55
06/03/2017,9.79,0.3(0.66 %),519090,45.65,46.1,45.65
03/03/2017,9.73,0.2(0.44 %),400430,45.45,45.9,45.15
02/03/2017,9.68,-0.25(-0.55 %),625140,45.7,45.9,45.4
01/03/2017,9.74,-0.15(-0.33 %),814870,45.85,45.9,45.35
28/02/2017,9.77,-0.7(-1.50 %),787960,46.6,46.8,45.8
27/02/2017,9.92,0.55(1.20 %),1791360,46.55,46.9,46.0
24/02/2017,9.8,0(0.00 %),929360,46.0,46.1,45.5
23/02/2017,9.8,0.2(0.44 %),1042580,45.9,46.35,45.65
22/02/2017,9.76,0.4(0.88 %),1230810,45.7,46.3,45.4
21/02/2017,9.67,0.35(0.78 %),1056640,45.3,45.9,45.05
20/02/2017,9.6,-0.25(-0.55 %),739970,45.3,45.4,45.0
17/02/2017,9.65,0(0.00 %),816130,45.2,45.5,44.9
16/02/2017,9.65,-0.7(-1.52 %),1114930,46.0,46.25,45.3
15/02/2017,9.8,-0.4(-0.86 %),1155260,46.5,46.5,45.8
14/02/2017,9.89,1.6(3.57 %),1942460,45.0,46.4,44.9
13/02/2017,9.54,0.35(0.79 %),843490,44.6,44.85,44.4
10/02/2017,9.47,-0.1(-0.22 %),615430,44.5,44.6,44.25
09/02/2017,9.49,-0.05(-0.11 %),796670,44.6,44.7,44.5
08/02/2017,9.5,0.1(0.22 %),580940,44.6,44.95,44.45
07/02/2017,9.48,0.2(0.45 %),919390,44.25,44.7,44.25
06/02/2017,9.44,-0.4(-0.89 %),553780,44.5,44.5,44.2
03/02/2017,9.52,-0.2(-0.45 %),497380,44.7,44.9,44.4
02/02/2017,9.57,-0.2(-0.44 %),487480,45.2,45.4,44.6
25/01/2017,9.61,0.4(0.89 %),421770,44.9,45.3,44.65
24/01/2017,9.52,0.25(0.56 %),280500,44.7,44.9,44.3
23/01/2017,9.47,0.25(0.57 %),457700,44.4,44.6,44.2
20/01/2017,9.42,0.4(0.91 %),662850,43.8,44.5,43.75
19/01/2017,9.33,0(0.00 %),589210,43.8,44.0,43.45
18/01/2017,9.33,-0.6(-1.35 %),496120,44.7,44.7,43.8
17/01/2017,9.46,0.4(0.91 %),521250,44.0,44.8,44.0
16/01/2017,9.37,-0.9(-2.00 %),896110,44.9,44.9,44.0
13/01/2017,9.57,-1.05(-2.29 %),1640150,46.1,46.4,44.7
12/01/2017,9.79,-0.15(-0.33 %),540350,46.1,46.2,45.85
11/01/2017,9.82,0.1(0.22 %),740990,46.3,46.6,46.1
10/01/2017,9.8,0.8(1.77 %),1045680,45.25,46.0,45.15
09/01/2017,9.63,0.25(0.56 %),501610,45.05,45.4,44.9
06/01/2017,9.58,-0.15(-0.33 %),799750,45.2,45.5,44.95
05/01/2017,9.61,-0.15(-0.33 %),613870,45.2,45.4,45.1
04/01/2017,9.64,0.4(0.89 %),1022560,44.8,45.7,44.7
03/01/2017,9.56,0.85(1.93 %),1013070,44.85,44.95,44.3
30/12/2016,9.37,0.55(1.27 %),1643340,43.6,44.25,43.35
29/12/2016,9.26,-0.15(-0.34 %),376220,43.8,43.8,43.3
28/12/2016,9.29,0.45(1.04 %),864320,43.25,43.8,43.25
27/12/2016,9.19,0.45(1.05 %),789970,42.7,43.5,42.7
26/12/2016,9.1,0.05(0.12 %),243940,42.65,42.9,42.5
23/12/2016,9.09,0.1(0.24 %),325140,42.85,42.85,42.5
22/12/2016,9.07,0.05(0.12 %),659310,42.8,43.2,42.5
21/12/2016,9.05,-0.05(-0.12 %),377770,42.55,42.75,42.45
20/12/2016,9.07,-0.15(-0.35 %),293780,42.55,42.9,42.5
19/12/2016,9.1,0.6(1.43 %),218900,42.1,42.7,42.1
16/12/2016,8.97,0.25(0.60 %),298690,41.95,42.1,41.8
15/12/2016,8.92,-0.15(-0.36 %),282950,42.0,42.1,41.8
14/12/2016,8.95,0.2(0.48 %),394960,41.8,42.2,41.75
13/12/2016,8.91,-0.4(-0.95 %),359950,42.2,42.35,41.8
12/12/2016,8.99,-0.7(-1.63 %),372110,43.0,43.0,42.2
09/12/2016,9.14,0.65(1.54 %),355440,42.55,43.5,42.5
08/12/2016,9.0,0.15(0.36 %),145770,42.5,42.5,42.2
07/12/2016,8.97,-0.2(-0.47 %),283670,42.3,42.5,42.1
06/12/2016,9.01,-0.3(-0.70 %),407380,42.8,42.85,42.3
05/12/2016,9.08,-0.35(-0.81 %),320460,43.0,43.2,42.6
02/12/2016,9.15,-0.25(-0.58 %),265850,43.2,43.35,42.9
01/12/2016,9.2,-0.15(-0.35 %),247450,43.2,43.8,43.2
30/11/2016,9.24,0.2(0.46 %),284250,43.0,43.35,42.9
29/11/2016,9.19,-0.35(-0.80 %),488970,43.5,43.5,42.7
28/11/2016,9.27,-0.45(-1.02 %),401290,43.95,43.95,43.2
25/11/2016,9.36,-0.4(-0.90 %),523930,44.4,44.4,43.9
24/11/2016,9.45,0.4(0.91 %),1109900,43.8,44.75,43.8
23/11/2016,9.36,0.85(1.97 %),933400,43.3,44.1,43.1
22/11/2016,9.18,0(0.00 %),475660,43.0,43.35,43.0
21/11/2016,9.18,0(0.00 %),398940,43.2,43.4,42.8
18/11/2016,9.18,0.5(1.17 %),272520,42.5,43.15,42.5
17/11/2016,9.08,-0.45(-1.05 %),342390,43.05,43.05,42.6
16/11/2016,9.17,-0.15(-0.35 %),483700,43.3,43.4,42.8
15/11/2016,9.2,0.45(1.05 %),410010,42.8,43.2,42.7
14/11/2016,9.11,-0.25(-0.58 %),357500,42.7,43.0,42.6
11/11/2016,9.16,0.3(0.70 %),549240,42.9,43.45,42.8
10/11/2016,9.1,0.5(1.18 %),279210,42.6,42.9,42.5
09/11/2016,8.99,-0.65(-1.52 %),1259800,42.85,42.85,41.1
08/11/2016,9.13,0.05(0.12 %),357870,42.8,43.25,42.8
07/11/2016,9.12,0.65(1.54 %),270420,42.1,42.9,42.1
04/11/2016,8.98,0.15(0.36 %),216080,42.0,42.4,42.0
03/11/2016,8.95,-0.6(-1.41 %),819360,42.5,42.5,41.7
02/11/2016,9.08,-0.7(-1.62 %),607470,43.3,43.4,42.6
01/11/2016,9.23,-0.2(-0.46 %),287980,43.6,43.6,43.3
31/10/2016,9.27,-0.1(-0.23 %),366100,43.5,43.9,43.5
28/10/2016,9.29,0.4(0.93 %),623240,43.2,43.6,43.15
27/10/2016,9.2,0.2(0.47 %),320770,43.3,43.3,43.0
26/10/2016,9.16,-0.2(-0.46 %),498350,43.2,43.6,42.9
25/10/2016,9.2,0(0.00 %),798790,43.2,43.9,42.8
24/10/2016,9.2,-0.2(-0.46 %),683800,43.4,43.6,43.1
21/10/2016,9.25,-0.1(-0.23 %),368030,43.5,43.75,43.4
20/10/2016,9.27,-0.35(-0.80 %),452160,44.1,44.2,43.45
19/10/2016,9.34,0.25(0.57 %),484690,43.5,44.15,43.5
18/10/2016,9.29,0.2(0.46 %),461070,43.4,43.85,43.0
17/10/2016,9.25,-0.45(-1.03 %),799570,43.9,43.9,43.4
14/10/2016,9.34,-0.15(-0.34 %),556120,43.9,44.1,43.8
13/10/2016,9.37,0.2(0.46 %),455610,43.7,44.2,43.4
12/10/2016,9.33,-0.7(-1.57 %),737050,44.4,44.6,43.7
11/10/2016,9.48,0.9(2.06 %),1576130,43.6,44.5,43.15
10/10/2016,9.29,-1.45(-3.22 %),2105790,45.05,45.05,43.6
07/10/2016,9.6,-1.05(-2.28 %),2656510,46.15,46.3,44.7
06/10/2016,9.82,-0.7(-1.50 %),808750,46.8,46.95,46.1
05/10/2016,9.97,0(0.00 %),482560,47.0,47.0,46.65
04/10/2016,9.97,0.15(0.32 %),1945280,46.9,47.35,46.0
03/10/2016,9.94,0(0.00 %),1063670,46.7,47.2,46.3
30/09/2016,9.94,-0.7(-1.48 %),1725770,47.4,47.4,46.65
29/09/2016,10.09,-0.55(-1.15 %),1885090,47.6,48.0,47.1
28/09/2016,10.21,0.1(0.21 %),1675680,47.65,48.5,47.6
27/09/2016,10.18,0(0.00 %),2011410,47.75,47.8,47.3
26/09/2016,10.18,0.4(0.84 %),1938720,47.6,48.2,47.6
23/09/2016,10.1,0.8(1.72 %),2331180,46.8,47.6,46.8
22/09/2016,9.93,1.1(2.42 %),2821740,45.5,47.4,45.5
21/09/2016,9.69,-0.15(-0.33 %),872200,45.7,45.9,45.4
20/09/2016,9.73,0.35(0.77 %),1374570,45.5,45.9,45.2
19/09/2016,9.65,0.3(0.67 %),944500,45.4,45.5,44.8
16/09/2016,9.59,0.2(0.45 %),855440,44.5,45.0,44.4
15/09/2016,9.54,-0.7(-1.54 %),1111400,45.5,45.5,44.5
14/09/2016,9.69,0.3(0.66 %),1283090,45.15,45.95,45.0
13/09/2016,9.63,0.2(0.44 %),1151590,45.0,45.35,44.5
12/09/2016,9.59,-0.7(-1.53 %),1220220,45.5,45.6,44.9
09/09/2016,9.74,0.1(0.22 %),1833910,46.0,46.5,45.5
08/09/2016,9.72,1.5(3.40 %),3243480,44.4,46.2,44.2
07/09/2016,9.4,-0.1(-0.23 %),1332450,44.1,44.1,43.5
06/09/2016,9.42,-0.3(-0.67 %),1385380,44.4,44.8,44.2
05/09/2016,9.48,0(0.00 %),964870,44.5,44.8,44.1
01/09/2016,9.48,0.6(1.37 %),2145860,44.3,45.0,44.0
31/08/2016,9.35,1.3(3.05 %),3190540,42.9,44.4,42.7
30/08/2016,9.08,0(0.00 %),529860,42.5,42.9,42.5
29/08/2016,9.08,-0.4(-0.93 %),996310,43.2,43.5,42.6
26/08/2016,9.16,0.6(1.42 %),2217420,42.4,43.4,42.4
25/08/2016,9.03,0.4(0.95 %),601280,42.1,42.5,41.9
24/08/2016,8.95,0.3(0.72 %),749230,41.8,42.4,41.8
23/08/2016,8.88,0.2(0.48 %),443570,41.8,41.9,41.4
22/08/2016,8.84,0.1(0.24 %),944470,42.0,42.1,41.5
19/08/2016,7.69,-0.7(-1.62 %),662470,43.3,43.3,42.4
18/08/2016,7.82,-0.1(-0.23 %),1044090,43.2,44.0,43.0
17/08/2016,7.84,0.5(1.17 %),1354570,42.7,43.5,42.5
16/08/2016,7.74,1.1(2.64 %),1933670,42.0,43.0,41.6
15/08/2016,7.55,0(0.00 %),281220,41.6,41.7,41.5
12/08/2016,7.55,-0.2(-0.48 %),527660,42.0,42.4,41.5
11/08/2016,7.58,0.7(1.70 %),585310,41.3,41.8,41.2
10/08/2016,7.45,0.2(0.49 %),236760,40.7,41.1,40.7
09/08/2016,7.42,0.3(0.74 %),271030,40.8,40.9,40.6
08/08/2016,7.36,0.1(0.25 %),274690,40.7,41.0,40.6
05/08/2016,7.35,0.1(0.25 %),461730,40.4,40.7,40.2
04/08/2016,7.33,-0.1(-0.25 %),340270,40.5,40.8,40.4
03/08/2016,7.35,-0.1(-0.25 %),467420,40.6,40.8,40.4
02/08/2016,7.36,-0.5(-1.22 %),806630,41.1,41.1,40.5
01/08/2016,7.45,0.1(0.24 %),419730,41.0,41.3,40.8
29/07/2016,7.44,-0.3(-0.73 %),241530,41.3,41.4,41.0
28/07/2016,7.49,0(0.00 %),512680,41.3,41.7,41.2
27/07/2016,7.49,0.4(0.98 %),554520,41.3,41.7,41.2
26/07/2016,7.42,-0.2(-0.49 %),469520,41.1,41.2,40.8
25/07/2016,7.45,-0.2(-0.48 %),375880,41.3,41.4,41.1
22/07/2016,7.49,-0.3(-0.72 %),958530,41.5,41.5,40.9
21/07/2016,7.55,0(0.00 %),448120,41.7,42.0,41.5
20/07/2016,7.55,-0.3(-0.72 %),575060,41.9,42.1,41.6
19/07/2016,7.6,-0.7(-1.64 %),1148610,42.7,42.7,41.7
18/07/2016,7.73,0(0.00 %),578400,42.5,42.7,42.2
15/07/2016,7.73,-0.4(-0.93 %),730200,42.9,43.2,42.6
14/07/2016,7.8,0.1(0.23 %),1880280,43.0,43.9,42.9
13/07/2016,7.78,0.3(0.70 %),751090,42.6,43.3,42.6
12/07/2016,7.73,0(0.00 %),744580,42.6,43.0,42.0
11/07/2016,7.73,-1(-2.29 %),1035540,43.7,44.0,42.6
08/07/2016,7.91,0.3(0.69 %),1594930,43.4,44.4,43.4
07/07/2016,7.85,1(2.36 %),1592870,42.7,43.9,42.4
06/07/2016,7.67,0.1(0.24 %),602040,42.1,42.5,41.9
05/07/2016,7.65,-0.3(-0.71 %),791050,42.5,42.7,42.2
04/07/2016,7.71,0.6(1.43 %),863920,42.0,42.7,42.0
01/07/2016,7.6,0.1(0.24 %),579110,42.0,42.3,41.8
30/06/2016,7.58,-0.2(-0.48 %),669690,42.5,42.6,41.8
29/06/2016,7.62,0.8(1.94 %),1250570,41.1,42.5,41.1
28/06/2016,7.47,0(0.00 %),328400,41.2,41.4,41.0
27/06/2016,7.47,0.3(0.73 %),587560,40.9,41.4,40.2
24/06/2016,7.42,-1(-2.39 %),2562810,41.7,41.7,39.1
23/06/2016,7.6,-0.5(-1.18 %),826170,42.3,42.4,41.9
22/06/2016,7.69,-0.3(-0.70 %),300480,42.5,42.9,42.4
21/06/2016,7.74,0(0.00 %),1442710,42.9,43.8,42.6
20/06/2016,7.74,2.3(5.69 %),1877120,40.5,42.9,40.4
17/06/2016,7.33,0(0.00 %),206120,40.4,40.5,40.3
16/06/2016,7.33,0.1(0.25 %),359320,40.5,40.6,40.3
15/06/2016,7.31,-0.2(-0.49 %),414560,40.5,40.5,40.2
14/06/2016,7.35,0.1(0.25 %),242560,40.3,40.5,40.3
13/06/2016,7.33,-0.1(-0.25 %),237230,40.5,40.5,40.4
10/06/2016,7.35,0(0.00 %),475190,40.4,40.6,40.4
09/06/2016,7.35,-0.2(-0.49 %),325390,40.7,40.7,40.5
08/06/2016,7.38,0.2(0.49 %),516630,40.5,40.7,40.4
07/06/2016,7.35,0.1(0.25 %),559610,40.6,40.6,40.2
06/06/2016,7.33,-0.3(-0.74 %),754110,40.7,40.7,40.2
03/06/2016,7.38,-0.1(-0.25 %),400290,40.9,40.9,40.6
02/06/2016,7.4,0(0.00 %),318100,41.0,41.0,40.7
01/06/2016,7.4,0(0.00 %),519620,41.0,41.0,40.8
31/05/2016,7.4,-0.3(-0.73 %),589350,41.2,41.2,40.8
30/05/2016,7.45,0.1(0.24 %),447160,41.0,41.4,41.0
27/05/2016,7.44,0.56(1.38 %),543580,40.8,41.1,40.4
26/05/2016,8.43,-0.2(-0.42 %),1328870,47.8,47.9,47.5
25/05/2016,8.47,0(0.00 %),598370,47.8,47.9,47.6
24/05/2016,8.47,-0.1(-0.21 %),369180,47.9,48.0,47.7
23/05/2016,8.48,-0.1(-0.21 %),345150,48.3,48.3,47.8
20/05/2016,8.5,0.2(0.42 %),485060,47.7,47.9,47.7
19/05/2016,8.47,0(0.00 %),186020,48.0,48.0,47.6
18/05/2016,8.47,0.1(0.21 %),692880,48.0,48.4,47.7
17/05/2016,8.45,0.3(0.63 %),354380,47.4,47.8,47.3
16/05/2016,8.39,-0.1(-0.21 %),310390,47.4,47.5,47.2
13/05/2016,8.41,0(0.00 %),393240,47.5,47.6,47.2
12/05/2016,8.41,-0.3(-0.63 %),412430,47.9,47.9,47.4
11/05/2016,8.47,0.4(0.85 %),290200,47.7,47.8,47.3
10/05/2016,8.39,0.1(0.21 %),465650,47.1,47.5,47.0
09/05/2016,8.38,-0.3(-0.63 %),605810,47.6,47.8,47.2
06/05/2016,8.43,-0.3(-0.63 %),693360,47.8,48.0,47.5
05/05/2016,8.48,-0.3(-0.62 %),908780,47.9,48.4,47.8
04/05/2016,8.54,-0.5(-1.03 %),771190,48.2,48.3,47.7
29/04/2016,8.63,0.2(0.41 %),614320,48.4,48.7,48.3
28/04/2016,8.59,0.7(1.47 %),3007080,48.0,49.3,47.7
27/04/2016,8.47,-0.2(-0.42 %),593060,48.0,48.1,47.5
26/04/2016,8.5,0(0.00 %),333520,47.9,48.0,47.5
25/04/2016,8.5,0.1(0.21 %),562230,48.0,48.3,47.8
22/04/2016,8.48,0.5(1.06 %),829700,47.3,47.8,47.1
21/04/2016,8.39,0.2(0.42 %),496340,47.3,47.5,47.1
20/04/2016,8.36,0.1(0.21 %),878290,47.0,47.2,46.9
19/04/2016,8.34,-0.2(-0.42 %),545970,47.2,47.5,47.0
15/04/2016,8.38,-0.3(-0.63 %),712110,47.6,47.7,47.2
14/04/2016,8.43,-0.1(-0.21 %),572360,47.5,47.8,47.5
13/04/2016,8.45,-0.1(-0.21 %),568090,47.6,47.8,47.5
12/04/2016,8.47,-0.2(-0.42 %),393630,48.0,48.0,47.5
11/04/2016,8.5,0.3(0.63 %),814800,47.8,48.2,47.5
08/04/2016,8.45,-0.2(-0.42 %),312220,47.6,48.0,47.6
07/04/2016,8.48,0.4(0.84 %),485800,47.5,47.9,47.4
06/04/2016,8.41,0.4(0.85 %),288080,47.0,47.4,46.9
05/04/2016,8.34,0.2(0.43 %),286440,46.8,47.2,46.7
04/04/2016,8.31,0(0.00 %),370410,46.7,47.0,46.7
01/04/2016,8.31,-0.3(-0.64 %),530180,47.1,47.2,46.7
31/03/2016,8.36,-0.4(-0.84 %),623130,47.5,48.0,47.1
30/03/2016,8.43,0(0.00 %),595920,47.5,47.9,47.2
29/03/2016,8.43,-0.5(-1.04 %),731100,48.0,48.0,47.4
28/03/2016,8.52,0.1(0.21 %),402090,48.3,48.3,47.9
25/03/2016,8.5,-0.5(-1.03 %),1134790,48.2,48.4,47.6
24/03/2016,8.59,-0.3(-0.62 %),831940,48.8,48.9,48.4
23/03/2016,8.64,0(0.00 %),573490,48.7,49.0,48.5
22/03/2016,8.64,-0.5(-1.02 %),630690,49.0,49.1,48.7
21/03/2016,8.73,-0.1(-0.20 %),708370,49.3,49.5,49.0
18/03/2016,8.75,0.8(1.65 %),2537440,49.0,49.9,49.0
17/03/2016,8.61,0(0.00 %),630200,48.5,48.9,48.5
16/03/2016,8.61,0(0.00 %),492970,48.5,48.7,48.4
15/03/2016,8.61,-0.2(-0.41 %),545350,48.9,49.1,48.5
14/03/2016,8.64,0.2(0.41 %),1011740,49.0,49.4,48.7
11/03/2016,8.61,0.3(0.62 %),752610,48.4,48.9,48.4
10/03/2016,8.55,0.2(0.42 %),278390,48.0,48.3,47.9
09/03/2016,8.52,0(0.00 %),406000,47.8,48.2,47.8
08/03/2016,8.52,-0.6(-1.23 %),1138510,48.6,48.7,48.0
07/03/2016,8.63,-0.4(-0.82 %),731820,48.6,49.4,48.6
04/03/2016,8.7,0.2(0.41 %),855930,48.6,49.3,48.6
03/03/2016,8.66,0.1(0.21 %),831440,48.8,49.3,48.8
02/03/2016,8.64,0.5(1.04 %),811910,48.4,48.8,48.3
01/03/2016,8.55,0.4(0.84 %),1215810,47.8,48.9,47.6
29/02/2016,8.48,0.1(0.21 %),516250,47.9,47.9,47.6
26/02/2016,8.47,0.1(0.21 %),383230,47.8,47.8,47.4
25/02/2016,8.45,-0.2(-0.42 %),673070,48.0,48.3,47.6
24/02/2016,8.48,0(0.00 %),655980,47.7,48.0,47.6
23/02/2016,8.48,-0.4(-0.83 %),727180,48.5,48.5,47.8
22/02/2016,8.55,0.5(1.05 %),518820,47.7,48.2,47.7
19/02/2016,8.47,-0.4(-0.83 %),530400,48.0,48.0,47.6
18/02/2016,8.54,0.6(1.26 %),737190,47.7,48.3,47.6
17/02/2016,8.43,0.2(0.42 %),719440,47.5,48.2,47.5
16/02/2016,8.39,0.6(1.28 %),346480,47.0,47.5,46.7
15/02/2016,8.29,-0.2(-0.43 %),342070,46.7,46.8,46.3
05/02/2016,8.32,0.4(0.86 %),363780,46.7,47.0,46.5
04/02/2016,8.25,-0.1(-0.21 %),282030,46.9,46.9,46.5
03/02/2016,8.27,0.4(0.87 %),641500,46.4,46.9,46.2
02/02/2016,8.2,-0.4(-0.86 %),184210,46.3,46.7,46.2
01/02/2016,8.27,0.2(0.43 %),584110,46.5,46.9,46.0
29/01/2016,8.23,0.4(0.87 %),496970,46.3,46.5,45.9
28/01/2016,8.16,-0.3(-0.65 %),491030,46.3,46.4,45.8
27/01/2016,8.22,0.4(0.87 %),336620,46.5,46.5,46.2
26/01/2016,8.15,-1.2(-2.55 %),661130,46.5,46.6,45.9
25/01/2016,8.36,2.3(5.13 %),892040,45.5,47.1,45.0
22/01/2016,7.95,-0.1(-0.22 %),692750,45.0,45.1,44.3
21/01/2016,7.97,0(0.00 %),647810,44.8,45.1,44.6
20/01/2016,7.97,-0.2(-0.44 %),651980,45.1,45.5,44.9
19/01/2016,8.0,0.2(0.45 %),873480,44.9,45.3,44.7
18/01/2016,7.97,-1.2(-2.60 %),2255130,45.7,45.7,44.3
15/01/2016,8.18,-0.1(-0.22 %),593280,46.2,46.5,46.0
14/01/2016,8.2,-0.2(-0.43 %),509720,46.1,46.4,46.0
13/01/2016,8.23,-0.5(-1.07 %),542910,47.0,47.3,46.3
12/01/2016,8.32,1(2.18 %),582160,46.0,46.9,45.7
11/01/2016,8.15,-0.4(-0.86 %),805440,46.3,46.3,45.9
08/01/2016,8.22,-0.7(-1.49 %),1773760,46.8,46.9,46.0
07/01/2016,8.34,-0.9(-1.88 %),1841620,47.9,47.9,47.0
06/01/2016,8.5,0.1(0.21 %),446810,47.8,48.1,47.8
05/01/2016,8.48,0(0.00 %),734050,47.8,48.0,47.7
04/01/2016,8.48,-0.5(-1.04 %),602210,47.8,48.5,47.8
31/12/2015,8.57,0(0.00 %),570340,48.3,48.8,48.2
30/12/2015,8.57,0(0.00 %),913890,48.3,48.9,48.3
29/12/2015,8.57,0.2(0.42 %),433620,48.2,48.5,48.1
28/12/2015,8.54,0.3(0.63 %),767110,48.0,48.7,47.7
25/12/2015,8.48,0(0.00 %),339400,48.0,48.0,47.7
24/12/2015,8.48,-0.1(-0.21 %),474020,48.1,48.2,47.8
23/12/2015,8.5,-0.2(-0.42 %),606040,48.3,48.4,47.8
22/12/2015,8.54,-0.4(-0.82 %),537270,48.5,48.7,48.1
21/12/2015,8.61,-0.4(-0.82 %),540360,48.9,48.9,48.3
18/12/2015,8.68,-0.3(-0.61 %),825670,49.2,49.3,48.9
17/12/2015,8.73,0.4(0.82 %),916420,49.2,49.5,49.0
16/12/2015,8.66,0.3(0.62 %),1252650,48.7,49.3,48.7
15/12/2015,8.61,0.7(1.46 %),527780,47.8,48.5,47.8
14/12/2015,8.48,-0.2(-0.42 %),434710,47.9,48.2,47.8
11/12/2015,8.52,0.2(0.42 %),558390,47.7,48.5,47.7
10/12/2015,8.48,-0.4(-0.83 %),610110,48.2,48.6,47.8
09/12/2015,8.55,-0.8(-1.63 %),735460,49.0,49.4,48.2
08/12/2015,8.7,1.5(3.16 %),1117670,47.3,49.1,47.1
07/12/2015,8.43,-0.4(-0.84 %),892260,47.8,48.0,47.5
04/12/2015,8.5,-0.6(-1.24 %),861320,48.5,48.5,47.7
03/12/2015,8.61,0.1(0.21 %),343540,48.5,48.7,48.3
02/12/2015,8.59,0.2(0.41 %),675930,48.4,48.7,48.2
01/12/2015,8.55,-0.1(-0.21 %),623880,48.6,48.8,48.1
30/11/2015,8.57,-0.6(-1.23 %),1116850,49.0,49.0,48.3
27/11/2015,8.68,-0.1(-0.20 %),1520660,49.2,49.9,48.9
26/11/2015,8.7,-1(-2.00 %),746390,49.8,50.0,49.0
25/11/2015,8.87,0.9(1.83 %),1309410,49.3,50.5,48.5
24/11/2015,8.71,-0.4(-0.81 %),2817650,49.7,49.7,48.4
23/11/2015,8.78,-1.5(-2.94 %),2054830,51.0,51.5,49.5
20/11/2015,9.05,-0.5(-0.97 %),1196900,51.0,52.0,51.0
19/11/2015,9.14,-0.5(-0.96 %),1096120,52.0,53.0,51.5
18/11/2015,9.23,0(0.00 %),1366870,51.5,53.0,51.5
17/11/2015,9.23,-2(-3.70 %),2136990,53.5,54.0,52.0
16/11/2015,9.58,-0.5(-0.92 %),2413900,54.0,55.0,53.0
13/11/2015,9.67,1.5(2.83 %),2759580,53.0,54.5,52.5
12/11/2015,9.41,2.5(4.95 %),3514400,51.0,53.5,50.5
11/11/2015,8.96,-0.5(-0.98 %),1790510,50.5,52.0,50.5
10/11/2015,9.05,-0.5(-0.97 %),2049910,51.5,52.0,50.5
09/11/2015,9.14,-1(-1.90 %),2035350,52.0,52.5,51.5
06/11/2015,9.32,-1(-1.87 %),3164790,53.5,54.5,52.0
05/11/2015,9.49,1.5(2.88 %),2727690,51.5,53.5,51.5
04/11/2015,9.23,-0.5(-0.95 %),1772170,53.0,53.5,52.0
03/11/2015,9.32,3(6.06 %),3798850,50.0,52.5,49.9
02/11/2015,8.78,0.2(0.41 %),2790190,49.4,51.0,49.3
30/10/2015,8.75,0(0.00 %),982600,49.4,49.5,48.9
29/10/2015,8.75,0.5(1.02 %),1846600,49.3,49.7,49.1
28/10/2015,8.66,0.8(1.67 %),2673100,48.1,48.9,48.1
27/10/2015,8.52,0.4(0.84 %),1345230,47.4,48.3,47.4
26/10/2015,8.45,0.5(1.06 %),2631100,47.5,48.5,47.5
23/10/2015,8.36,0.2(0.43 %),719680,47.2,47.4,47.0
22/10/2015,8.32,-0.1(-0.21 %),473620,46.8,47.1,46.8
21/10/2015,8.34,-0.3(-0.63 %),703530,47.6,47.6,47.0
20/10/2015,8.39,0.2(0.42 %),1968330,47.1,47.9,47.0
19/10/2015,8.36,0.4(0.86 %),1396480,46.7,47.8,46.7
16/10/2015,8.29,0.1(0.21 %),548620,46.7,46.9,46.7
15/10/2015,8.27,-0.1(-0.21 %),426740,46.9,46.9,46.5
14/10/2015,8.29,1.2(2.64 %),3076790,46.7,47.9,46.6
13/10/2015,8.08,-0.3(-0.66 %),298120,45.8,45.8,45.4
12/10/2015,8.13,0(0.00 %),414610,45.7,45.9,45.7
09/10/2015,8.13,0(0.00 %),778950,46.0,46.4,45.8
08/10/2015,8.13,0.6(1.33 %),331030,45.2,45.8,45.2
07/10/2015,8.02,-0.8(-1.74 %),337650,46.2,46.2,45.0
06/10/2015,8.16,1(2.22 %),923920,45.6,46.2,45.4
05/10/2015,7.99,0.4(0.90 %),382440,44.7,45.1,44.6
02/10/2015,7.92,0(0.00 %),181780,44.6,44.8,44.5
01/10/2015,7.92,0.1(0.22 %),179470,44.5,44.7,44.4
30/09/2015,7.9,0(0.00 %),159670,44.8,44.8,44.3
29/09/2015,7.9,0(0.00 %),260100,44.5,44.5,44.3
28/09/2015,7.9,-0.4(-0.89 %),267580,44.9,45.0,44.5
25/09/2015,7.97,-0.2(-0.44 %),259280,45.2,45.2,44.8
24/09/2015,8.0,0.2(0.45 %),287470,44.8,45.3,44.8
23/09/2015,7.97,-0.3(-0.66 %),447860,45.1,45.4,44.9
22/09/2015,8.02,-0.3(-0.66 %),289410,45.5,45.6,45.1
21/09/2015,8.08,0.9(2.02 %),548700,45.5,45.5,44.5
18/09/2015,7.92,0.8(1.83 %),743610,44.6,44.9,44.1
17/09/2015,7.77,0.1(0.23 %),121980,43.7,44.0,43.7
16/09/2015,7.76,0(0.00 %),123720,43.7,43.9,43.6
15/09/2015,7.76,0(0.00 %),91140,43.6,43.9,43.5
14/09/2015,7.76,-0.3(-0.68 %),213260,44.0,44.0,43.7
11/09/2015,7.81,-0.2(-0.45 %),178370,44.4,44.4,44.0
10/09/2015,7.84,0.1(0.23 %),228830,44.1,44.2,43.9
09/09/2015,7.83,0.2(0.46 %),351700,44.3,44.4,44.1
08/09/2015,7.79,0.3(0.69 %),195100,43.5,44.1,43.5
07/09/2015,7.74,-0.2(-0.46 %),143530,44.0,44.0,43.4
04/09/2015,7.77,0.1(0.23 %),200160,43.7,44.1,43.6
03/09/2015,7.76,-0.4(-0.91 %),361300,43.9,44.1,43.7
01/09/2015,7.83,-0.1(-0.23 %),319590,44.4,44.4,43.9
31/08/2015,7.84,-0.5(-1.12 %),383640,44.5,44.8,44.1
28/08/2015,7.93,0.4(0.90 %),883560,44.6,44.8,44.3
27/08/2015,7.86,0.2(0.45 %),701980,44.1,44.6,44.0
26/08/2015,7.83,1.2(2.80 %),960660,43.0,44.5,43.0
25/08/2015,7.61,0.5(1.18 %),1302560,42.0,43.5,42.0
24/08/2015,7.52,-2.8(-6.19 %),2107920,44.4,44.6,42.3
21/08/2015,8.02,-0.3(-0.66 %),1184950,45.1,45.2,44.0
20/08/2015,8.08,-0.6(-1.30 %),384210,46.2,46.2,45.4
19/08/2015,8.18,0.5(1.10 %),860750,45.9,46.5,45.5
18/08/2015,7.05,0.4(0.87 %),751710,46.2,46.7,46.0
17/08/2015,6.99,-0.6(-1.28 %),816140,46.8,47.1,46.0
14/08/2015,7.08,-0.2(-0.43 %),702440,46.9,47.3,46.5
13/08/2015,7.12,-0.6(-1.26 %),1573130,47.6,47.6,46.8
12/08/2015,7.21,-0.7(-1.45 %),1257050,48.0,48.0,47.3
11/08/2015,7.31,-0.2(-0.41 %),861370,48.5,49.0,48.0
10/08/2015,7.34,1.2(2.54 %),1180730,47.5,48.5,47.5
07/08/2015,7.16,0.5(1.07 %),546600,47.0,47.5,46.7
06/08/2015,7.08,-0.6(-1.27 %),561120,47.4,47.6,46.8
05/08/2015,7.18,0.4(0.85 %),312920,47.4,47.4,46.9
04/08/2015,7.12,0.5(1.08 %),526180,46.9,47.4,46.6
03/08/2015,7.04,-0.8(-1.69 %),1136670,47.0,47.0,46.4
31/07/2015,7.16,0(0.00 %),541330,47.7,47.8,47.3
30/07/2015,7.16,-0.6(-1.25 %),938320,47.9,48.0,47.3
29/07/2015,7.25,-0.3(-0.62 %),1119080,48.2,48.7,47.7
28/07/2015,7.3,-0.8(-1.63 %),634450,49.0,49.0,48.2
27/07/2015,7.42,1.4(2.94 %),1865720,47.9,49.5,47.8
24/07/2015,7.21,0.6(1.28 %),1217830,47.2,47.8,47.2
23/07/2015,7.12,0.5(1.08 %),2140450,46.4,47.9,46.4
22/07/2015,7.04,0.9(1.97 %),455030,45.6,46.5,45.5
21/07/2015,6.9,-0.6(-1.30 %),876450,46.0,46.1,45.4
20/07/2015,6.99,-0.2(-0.43 %),419830,46.4,46.4,45.9
17/07/2015,7.02,0(0.00 %),315540,46.3,46.9,46.2
16/07/2015,7.02,0(0.00 %),611060,46.2,46.4,45.8
15/07/2015,7.02,-0.5(-1.07 %),654910,47.0,47.0,46.4
14/07/2015,7.1,0(0.00 %),395670,46.9,47.2,46.6
13/07/2015,7.1,0.3(0.64 %),489440,46.6,47.5,46.5
10/07/2015,7.05,-0.1(-0.21 %),835670,46.7,47.0,46.4
09/07/2015,7.07,0(0.00 %),999820,46.5,46.9,46.2
08/07/2015,7.07,-0.9(-1.89 %),1420160,47.6,47.8,46.6
07/07/2015,7.21,0.1(0.21 %),1132850,47.4,48.4,47.2
06/07/2015,7.19,0.5(1.06 %),979490,47.1,47.5,47.0
03/07/2015,7.12,-0.2(-0.42 %),758500,47.4,47.4,46.9
02/07/2015,7.15,0.4(0.85 %),1090220,46.7,47.4,46.6
01/07/2015,7.08,0.4(0.86 %),737610,46.4,47.1,46.1
30/06/2015,7.02,-0.4(-0.85 %),1048220,46.3,46.7,46.3
29/06/2015,7.08,0.5(1.08 %),935540,46.8,47.7,46.5
26/06/2015,7.01,1.3(2.89 %),4210260,45.1,47.9,45.1
25/06/2015,6.81,-0.2(-0.44 %),585020,45.1,45.2,45.0
24/06/2015,6.84,-0.3(-0.66 %),356850,45.6,45.6,45.2
23/06/2015,6.89,-0.1(-0.22 %),623750,45.6,45.7,45.4
22/06/2015,6.9,0.8(1.79 %),1273750,45.0,45.8,44.9
19/06/2015,6.78,0.3(0.67 %),524770,44.5,45.1,44.5
18/06/2015,6.74,0.1(0.23 %),324300,44.4,45.0,44.4
17/06/2015,6.72,-0.1(-0.22 %),483360,44.4,44.6,44.3
16/06/2015,6.74,-0.5(-1.11 %),479370,45.0,45.2,44.5
15/06/2015,6.81,-0.1(-0.22 %),341650,45.4,45.4,44.8
12/06/2015,6.83,0.3(0.67 %),753350,44.9,45.3,44.9
11/06/2015,6.78,0.2(0.45 %),420000,44.6,44.9,44.6
10/06/2015,6.75,0.3(0.68 %),249790,44.3,44.7,44.1
09/06/2015,6.71,0(0.00 %),618760,44.2,45.2,44.2
08/06/2015,6.71,-0.5(-1.12 %),698960,45.0,45.1,44.3
05/06/2015,6.78,0.4(0.90 %),578380,44.5,44.9,44.2
04/06/2015,6.72,0.2(0.45 %),224510,44.2,44.5,44.2
03/06/2015,6.69,0.5(1.14 %),638440,43.7,44.8,43.6
02/06/2015,6.62,-0.6(-1.35 %),790020,44.3,44.3,43.7
01/06/2015,6.71,-0.7(-1.56 %),747720,44.9,44.9,44.3
29/05/2015,6.81,-0.4(-0.88 %),357830,45.5,45.5,44.9
28/05/2015,6.87,0.6(1.34 %),1158400,45.5,45.9,45.1
27/05/2015,7.8,-0.5(-0.94 %),1216710,53.0,53.5,52.0
26/05/2015,7.87,-1(-1.85 %),953640,53.5,54.0,53.0
25/05/2015,8.02,2(3.85 %),1194140,52.0,54.0,52.0
22/05/2015,7.72,-0.5(-0.95 %),639970,52.5,53.0,52.0
21/05/2015,7.8,1.5(2.94 %),1966840,51.0,53.0,50.5
20/05/2015,7.57,1.8(3.66 %),1067870,49.6,51.0,49.5
19/05/2015,7.31,0.4(0.82 %),261290,48.7,49.2,48.7
18/05/2015,7.25,-0.3(-0.61 %),493240,49.0,49.2,48.8
15/05/2015,7.29,-0.2(-0.41 %),222770,49.4,49.6,49.1
14/05/2015,7.32,0.1(0.20 %),284980,49.0,49.6,49.0
13/05/2015,7.31,0(0.00 %),471350,49.2,49.3,48.7
12/05/2015,7.31,-0.5(-1.01 %),253240,49.7,49.7,49.2
11/05/2015,7.38,-0.2(-0.40 %),229310,50.0,50.0,49.6
08/05/2015,7.41,0(0.00 %),241080,49.9,50.5,49.9
07/05/2015,7.41,0.3(0.60 %),263570,49.8,50.5,49.6
06/05/2015,7.37,-0.4(-0.80 %),406590,50.0,50.5,49.6
05/05/2015,7.43,0.6(1.21 %),444430,49.4,50.5,49.2
04/05/2015,7.34,-2.1(-4.08 %),818280,51.5,52.0,49.0
27/04/2015,7.65,1(1.98 %),636760,51.5,52.5,51.0
24/04/2015,7.5,0(0.00 %),268410,50.5,51.0,50.0
23/04/2015,7.5,0.5(1.00 %),641410,50.5,51.0,49.8
22/04/2015,7.43,0(0.00 %),539100,50.0,51.0,50.0
21/04/2015,7.43,-0.5(-0.99 %),263970,50.5,51.0,50.0
20/04/2015,7.5,-0.5(-0.98 %),358680,51.0,51.0,49.9
17/04/2015,7.57,2.2(4.51 %),1497670,48.9,51.5,48.9
16/04/2015,7.25,-0.1(-0.20 %),152830,48.9,49.2,48.7
15/04/2015,7.26,0.2(0.41 %),223010,48.9,49.0,48.5
14/04/2015,7.23,-0.5(-1.02 %),224290,49.2,49.2,48.7
13/04/2015,7.31,0(0.00 %),164060,49.2,49.4,49.1
10/04/2015,7.31,0.3(0.61 %),345170,48.9,49.4,48.8
09/04/2015,7.26,0(0.00 %),258950,48.9,49.0,48.5
08/04/2015,7.26,0(0.00 %),162560,49.0,49.1,48.8
07/04/2015,7.26,0.4(0.82 %),150220,48.4,49.0,48.4
06/04/2015,7.2,-0.3(-0.61 %),168170,48.8,49.1,48.5
03/04/2015,7.25,0.7(1.46 %),116640,48.5,48.8,48.1
02/04/2015,7.14,0.4(0.84 %),168030,47.8,48.5,47.7
01/04/2015,7.08,-0.7(-1.45 %),270910,48.4,48.7,47.7
31/03/2015,7.19,0(0.00 %),233260,48.4,48.7,48.4
30/03/2015,7.19,-0.8(-1.63 %),413070,49.4,49.4,48.4
27/03/2015,7.31,-0.1(-0.20 %),226880,49.6,49.6,49.2
26/03/2015,7.32,0.1(0.20 %),276070,49.4,49.4,49.2
25/03/2015,7.31,0.1(0.20 %),221110,49.5,49.5,49.0
24/03/2015,7.29,-0.3(-0.61 %),349040,49.5,49.5,48.8
23/03/2015,7.34,-0.4(-0.80 %),274890,49.5,49.9,49.4
20/03/2015,7.4,0.3(0.61 %),284340,49.9,49.9,49.4
19/03/2015,7.35,-0.1(-0.20 %),252430,50.0,50.0,49.5
18/03/2015,7.37,-0.4(-0.80 %),228430,50.0,50.0,49.6
17/03/2015,7.43,0.6(1.21 %),717570,49.5,50.5,49.5
16/03/2015,7.34,0.2(0.41 %),214490,49.2,49.4,49.2
13/03/2015,7.31,0(0.00 %),284450,49.5,49.7,49.1
12/03/2015,7.31,-0.3(-0.61 %),368140,49.5,49.5,49.1
11/03/2015,7.35,-0.2(-0.40 %),293150,49.7,49.7,49.4
10/03/2015,7.38,0.5(1.02 %),328390,49.5,49.7,49.3
09/03/2015,7.31,-0.8(-1.60 %),414700,49.9,50.0,49.2
06/03/2015,7.43,0(0.00 %),335140,50.0,50.5,49.9
05/03/2015,7.43,0(0.00 %),393540,50.5,51.0,50.0
04/03/2015,7.43,1.1(2.25 %),993500,49.2,50.5,49.2
03/03/2015,7.26,0.4(0.82 %),214540,49.0,48.9,48.6
02/03/2015,7.2,-0.3(-0.61 %),471270,49.0,49.0,48.4
27/02/2015,7.25,-0.2(-0.41 %),314940,49.1,49.3,48.7
26/02/2015,7.28,0.5(1.03 %),276700,48.4,49.0,48.4
25/02/2015,7.2,-0.1(-0.21 %),520900,48.8,49.0,48.4
24/02/2015,7.22,0.6(1.25 %),351850,48.2,48.8,48.2
13/02/2015,7.13,0.2(0.42 %),198830,48.0,48.2,47.8
12/02/2015,7.1,0.3(0.63 %),435120,47.9,48.2,47.8
11/02/2015,7.05,0.4(0.85 %),139400,47.3,47.5,47.2
10/02/2015,7.0,-0.1(-0.21 %),143310,47.2,47.3,47.0
09/02/2015,7.01,-0.1(-0.21 %),145540,47.7,47.7,47.2
06/02/2015,7.03,0.1(0.21 %),114380,47.5,47.5,47.2
05/02/2015,7.01,0.3(0.64 %),182990,47.0,47.5,46.9
04/02/2015,6.97,-0.1(-0.21 %),307040,47.4,47.4,46.7
03/02/2015,6.98,-0.4(-0.84 %),207170,47.4,47.5,47.0
02/02/2015,7.04,-0.1(-0.21 %),219410,47.6,47.8,47.3
30/01/2015,7.05,-0.4(-0.84 %),587470,48.0,48.1,47.5
29/01/2015,7.11,0(0.00 %),224460,47.9,48.0,47.8
28/01/2015,7.11,-0.1(-0.21 %),260670,47.9,48.3,47.8
27/01/2015,7.13,-0.4(-0.83 %),424160,48.3,48.6,48.0
26/01/2015,7.19,0(0.00 %),384170,48.4,48.7,48.4
23/01/2015,7.19,0.2(0.41 %),386280,48.4,48.7,48.2
22/01/2015,7.16,-0.2(-0.41 %),299200,48.6,48.6,48.2
21/01/2015,7.19,0.4(0.83 %),607260,48.2,48.8,48.2
20/01/2015,7.13,0(0.00 %),344010,48.0,48.2,47.9
19/01/2015,7.13,-0.5(-1.03 %),367020,48.5,48.5,48.0
16/01/2015,7.2,-0.2(-0.41 %),174340,48.8,48.8,48.4
15/01/2015,7.23,0.1(0.21 %),281910,48.8,48.8,48.4
14/01/2015,7.22,-0.1(-0.21 %),421120,48.7,48.9,48.2
13/01/2015,7.23,0.1(0.21 %),242060,48.4,48.8,48.4
12/01/2015,7.22,0.3(0.62 %),679050,48.3,49.2,48.3
09/01/2015,7.17,0.4(0.84 %),320210,47.9,48.5,47.9
08/01/2015,7.11,-0.5(-1.03 %),227300,48.3,48.4,47.8
07/01/2015,7.19,0.3(0.62 %),405560,48.1,49.1,48.1
06/01/2015,7.14,0.3(0.63 %),364050,47.5,48.1,47.3
05/01/2015,7.1,-0.2(-0.42 %),273550,48.0,48.2,47.6
31/12/2014,7.13,1.7(3.67 %),471320,46.7,48.0,46.5
30/12/2014,6.88,0.4(0.87 %),313520,46.1,46.3,45.4
29/12/2014,6.82,-0.3(-0.65 %),198580,46.8,46.8,45.8
26/12/2014,6.86,-0.3(-0.65 %),337170,46.5,46.5,46.0
25/12/2014,6.91,-0.4(-0.85 %),100790,46.6,46.8,46.4
24/12/2014,6.97,0(0.00 %),171930,47.2,47.4,46.8
23/12/2014,6.97,0.6(1.30 %),291780,46.3,47.1,46.2
22/12/2014,6.88,0.7(1.54 %),261240,46.2,46.5,46.0
19/12/2014,6.77,-0.6(-1.30 %),327710,47.0,47.0,45.6
18/12/2014,6.86,1(2.21 %),280050,45.5,46.6,45.5
17/12/2014,6.71,-2(-4.24 %),1067630,47.3,47.3,44.8
16/12/2014,7.01,-0.6(-1.26 %),525220,47.7,47.8,47.2
15/12/2014,7.1,-0.3(-0.62 %),176820,48.1,48.1,47.8
12/12/2014,7.14,0.7(1.48 %),222600,47.6,48.5,47.5
11/12/2014,7.04,-0.3(-0.63 %),319170,47.5,47.7,47.2
10/12/2014,7.08,0.5(1.06 %),462650,47.1,47.8,47.0
09/12/2014,7.01,-1.1(-2.28 %),975650,48.1,48.1,47.2
08/12/2014,7.17,-0.4(-0.82 %),230000,48.7,48.7,48.2
05/12/2014,7.23,0.1(0.21 %),220940,48.8,48.9,48.5
04/12/2014,7.22,0.4(0.83 %),291140,48.2,48.9,48.2
03/12/2014,7.16,0.5(1.05 %),209630,48.1,49.0,47.8
02/12/2014,7.08,-0.1(-0.21 %),361490,47.9,47.9,47.4
01/12/2014,7.1,-0.3(-0.62 %),387370,48.0,48.4,47.8
28/11/2014,7.14,-0.6(-1.23 %),526360,48.9,48.9,48.1
27/11/2014,7.23,-0.1(-0.20 %),311160,49.1,49.1,48.5
26/11/2014,7.25,-0.4(-0.81 %),224690,49.5,49.5,48.8
25/11/2014,7.31,0.4(0.82 %),190010,48.8,49.3,48.8
24/11/2014,7.25,-0.3(-0.61 %),289320,49.0,49.0,48.6
21/11/2014,7.29,0.1(0.20 %),400290,49.3,49.9,49.0
20/11/2014,7.28,0(0.00 %),366710,49.1,49.3,48.8
19/11/2014,7.28,-0.1(-0.20 %),669840,49.3,49.5,49.0
18/11/2014,7.29,-0.8(-1.60 %),347210,50.0,50.0,49.1
17/11/2014,7.41,-0.1(-0.20 %),302800,50.5,50.5,49.9
14/11/2014,7.43,-0.5(-0.99 %),459950,50.5,50.5,49.8
13/11/2014,7.5,0(0.00 %),321950,50.5,51.0,50.5
12/11/2014,7.5,-0.5(-0.98 %),148270,51.0,51.0,50.5
11/11/2014,7.57,0.5(0.99 %),176690,51.0,51.0,50.5
10/11/2014,7.5,0(0.00 %),438060,50.5,51.5,50.0
07/11/2014,7.5,0.5(1.00 %),252440,50.0,50.5,49.9
06/11/2014,7.43,-0.5(-0.99 %),379630,51.0,51.0,49.9
05/11/2014,7.5,-0.5(-0.98 %),296180,51.0,51.5,50.0
04/11/2014,7.57,-0.5(-0.97 %),382940,51.0,51.5,50.5
03/11/2014,7.65,0.5(0.98 %),367540,51.5,52.0,51.0
31/10/2014,7.57,1(2.00 %),321640,50.0,51.0,49.9
30/10/2014,7.43,0(0.00 %),515410,50.0,50.5,50.0
29/10/2014,7.43,1(2.04 %),425130,49.0,50.5,49.0
28/10/2014,7.28,0.3(0.62 %),383290,48.5,49.2,48.5
27/10/2014,7.23,-1.1(-2.21 %),579320,49.5,49.8,48.7
24/10/2014,7.4,-0.1(-0.20 %),480290,50.0,50.5,49.6
23/10/2014,7.41,-0.6(-1.19 %),596130,50.0,51.0,49.8
22/10/2014,7.5,0.5(1.00 %),410150,50.5,51.0,50.0
21/10/2014,7.43,0(0.00 %),345010,50.0,50.5,49.8
20/10/2014,7.43,-0.5(-0.99 %),394500,50.5,51.0,50.0
17/10/2014,7.5,0.8(1.61 %),875080,49.9,50.5,49.0
16/10/2014,7.38,-2.3(-4.42 %),1592280,51.5,51.5,49.5
15/10/2014,7.72,0(0.00 %),814130,51.5,52.5,51.0
14/10/2014,7.72,-1.5(-2.80 %),361650,53.5,53.5,52.0
13/10/2014,7.95,1.5(2.88 %),452140,52.0,53.5,52.0
10/10/2014,7.72,-0.5(-0.95 %),996930,52.5,53.0,51.5
09/10/2014,7.8,-0.5(-0.94 %),801580,53.5,53.5,52.5
08/10/2014,7.87,-0.5(-0.93 %),605320,53.5,53.5,52.5
07/10/2014,7.95,0(0.00 %),844760,53.5,54.0,53.0
06/10/2014,7.95,0(0.00 %),571810,53.5,54.0,53.0
03/10/2014,7.95,-0.5(-0.93 %),780160,53.5,54.0,53.0
02/10/2014,8.02,0.5(0.93 %),718170,53.5,54.0,53.0
01/10/2014,7.95,1.5(2.88 %),771760,52.5,54.0,52.5
30/09/2014,7.72,0(0.00 %),908550,52.0,53.0,51.5
29/09/2014,7.72,-0.5(-0.95 %),683300,52.5,53.0,52.0
26/09/2014,7.8,-1(-1.87 %),765550,53.5,53.5,52.5
25/09/2014,7.95,1(1.90 %),1111670,53.0,53.5,52.0
24/09/2014,7.8,0(0.00 %),1023270,52.5,53.5,52.0
23/09/2014,7.8,-0.5(-0.94 %),1320590,53.0,54.0,52.5
22/09/2014,7.87,-1(-1.85 %),1424110,54.0,54.5,53.0
19/09/2014,8.02,-1(-1.82 %),1499270,55.0,55.0,54.0
18/09/2014,8.17,-1.5(-2.65 %),1681870,56.5,56.5,54.5
17/09/2014,8.39,0.5(0.89 %),2089480,57.0,57.5,56.0
16/09/2014,8.32,0(0.00 %),1634520,56.0,56.5,55.0
15/09/2014,8.32,0(0.00 %),1604040,57.0,57.5,55.5
12/09/2014,8.32,0.5(0.90 %),1274520,56.0,56.5,55.0
11/09/2014,8.24,-0.5(-0.89 %),978400,56.0,56.5,55.5
10/09/2014,8.32,0.5(0.90 %),1663390,55.5,56.5,54.5
09/09/2014,8.24,-3(-5.13 %),3943470,58.5,58.5,54.5
08/09/2014,8.69,0.5(0.86 %),2368420,58.5,59.5,58.0
05/09/2014,8.61,1(1.75 %),2025880,57.0,58.0,57.0
04/09/2014,8.47,0(0.00 %),1391520,56.5,57.0,56.0
03/09/2014,8.47,-0.5(-0.87 %),1754970,58.0,58.5,56.5
29/08/2014,8.54,0.5(0.88 %),1498060,57.0,57.5,56.0
28/08/2014,8.47,2(3.64 %),2505050,55.0,57.5,55.0
27/08/2014,8.17,0(0.00 %),1956570,55.0,56.0,54.0
26/08/2014,8.17,2.5(4.76 %),3673930,52.5,55.5,52.0
25/08/2014,7.8,0.5(0.96 %),1798790,52.5,53.0,52.0
22/08/2014,7.72,0.5(0.97 %),1804530,52.0,52.5,51.5
21/08/2014,7.65,-0.5(-0.96 %),1643270,52.0,52.5,51.5
20/08/2014,7.72,-1(-1.89 %),1321660,52.5,52.5,51.5
19/08/2014,6.15,0.5(0.95 %),3127310,52.5,54.0,52.5
18/08/2014,6.09,1(1.94 %),1735290,51.5,53.0,51.0
15/08/2014,5.98,-0.5(-0.96 %),828590,51.5,52.0,51.0
14/08/2014,6.04,0.5(0.97 %),1283060,51.5,52.0,51.0
13/08/2014,5.98,1(1.98 %),842940,51.0,51.5,50.5
12/08/2014,5.86,0(0.00 %),634600,50.5,51.0,50.0
11/08/2014,5.86,0(0.00 %),640870,51.0,51.0,50.0
08/08/2014,5.86,0(0.00 %),738670,51.0,51.5,50.0
07/08/2014,5.86,-0.5(-0.98 %),648290,51.0,51.0,50.0
06/08/2014,5.92,-0.5(-0.97 %),973690,51.5,51.5,50.5
05/08/2014,5.98,1.5(3.00 %),1433070,51.0,52.0,51.0
04/08/2014,5.8,0.2(0.40 %),757490,49.9,50.5,49.7
01/08/2014,5.78,-0.7(-1.39 %),725990,50.0,50.5,49.7
31/07/2014,5.86,0.6(1.20 %),705490,49.9,50.5,49.7
30/07/2014,5.79,0.2(0.40 %),690950,49.7,51.0,49.7
29/07/2014,5.77,-0.3(-0.60 %),938580,50.0,50.5,49.5
28/07/2014,5.8,-1.5(-2.91 %),1675170,51.0,51.0,49.7
25/07/2014,5.98,-1(-1.90 %),1257720,52.5,53.5,51.5
24/07/2014,6.09,1(1.94 %),1516130,51.5,53.0,51.5
23/07/2014,5.98,-0.5(-0.96 %),1050840,51.5,52.5,51.0
22/07/2014,6.04,1(1.96 %),1282720,51.0,53.0,50.5
21/07/2014,5.92,-1.5(-2.86 %),1718340,52.0,53.0,50.5
18/07/2014,6.09,3.1(6.28 %),3985310,49.2,52.5,49.2
17/07/2014,5.73,-0.5(-1.00 %),836020,49.8,49.9,49.2
16/07/2014,5.79,-0.1(-0.20 %),1240280,50.5,51.0,49.9
15/07/2014,5.8,0.6(1.21 %),785570,50.5,51.0,49.8
14/07/2014,5.73,0.7(1.44 %),868190,48.7,49.6,48.6
11/07/2014,5.65,-0.1(-0.20 %),671180,48.8,48.8,48.2
10/07/2014,5.66,-0.9(-1.81 %),1262450,49.7,49.7,48.4
09/07/2014,5.77,-0.2(-0.40 %),682070,50.0,50.0,49.5
08/07/2014,5.79,-0.1(-0.20 %),668720,49.9,50.5,49.5
07/07/2014,5.8,0.5(1.01 %),1768130,49.9,51.5,49.9
04/07/2014,5.75,1.3(2.70 %),1789990,48.5,49.6,48.4
03/07/2014,5.59,1.2(2.55 %),1296890,47.2,48.4,47.2
02/07/2014,5.46,0.3(0.64 %),633630,46.7,47.0,46.7
01/07/2014,5.42,0.1(0.21 %),595450,46.6,47.0,46.6
30/06/2014,5.41,-0.2(-0.43 %),400120,46.6,47.0,46.6
27/06/2014,5.43,0.3(0.65 %),1512800,46.4,47.4,46.4
26/06/2014,5.4,-0.1(-0.21 %),340790,46.6,46.8,46.4
25/06/2014,5.41,0.4(0.87 %),535400,46.4,46.9,46.3
24/06/2014,5.36,0.3(0.65 %),314410,45.8,46.3,45.7
23/06/2014,5.33,-0.3(-0.65 %),208170,46.2,46.2,45.8
20/06/2014,5.36,0(0.00 %),279210,46.2,46.8,46.1
19/06/2014,5.36,-0.4(-0.86 %),1065490,46.6,46.8,45.2
18/06/2014,5.41,-0.3(-0.64 %),391410,46.9,47.0,46.6
17/06/2014,5.44,0.4(0.86 %),816170,46.5,47.0,46.2
16/06/2014,5.4,-0.5(-1.06 %),895350,47.0,47.0,46.2
13/06/2014,5.46,-0.1(-0.21 %),453330,47.1,47.2,46.8
12/06/2014,5.47,0.6(1.29 %),1051470,47.0,47.5,46.5
11/06/2014,5.4,1.6(3.56 %),1506620,45.2,46.5,45.1
10/06/2014,5.21,0(0.00 %),586890,44.6,45.9,44.5
09/06/2014,5.21,-0.1(-0.22 %),563170,45.2,45.4,44.7
06/06/2014,5.22,0.8(1.81 %),355690,44.1,45.0,44.1
05/06/2014,5.13,-0.2(-0.45 %),390740,44.2,44.4,43.8
04/06/2014,5.15,-0.8(-1.77 %),653550,45.2,45.3,44.0
03/06/2014,5.25,-0.2(-0.44 %),377900,45.2,45.7,45.1
02/06/2014,5.27,-0.8(-1.73 %),558490,46.0,46.2,45.2
30/05/2014,5.36,0.1(0.22 %),659030,46.1,46.8,45.9
29/05/2014,5.35,0.1(0.22 %),940410,46.0,47.2,45.9
28/05/2014,5.34,0.4(0.88 %),690790,46.0,46.5,45.9
27/05/2014,5.29,0.4(0.88 %),891290,45.3,46.0,45.1
26/05/2014,5.25,-0.2(-0.44 %),686760,45.0,45.4,44.6
23/05/2014,5.27,-0.4(-0.87 %),533720,45.5,46.2,45.1
22/05/2014,5.32,-0.4(-0.87 %),1277180,46.2,46.4,45.6
21/05/2014,5.36,1.8(4.05 %),1296900,44.4,46.4,44.0
20/05/2014,5.15,0.4(0.91 %),1072290,43.9,44.4,43.2
19/05/2014,5.11,0(0.00 %),901880,44.1,44.8,43.0
16/05/2014,5.11,2.5(6.02 %),1085770,41.5,44.0,41.4
15/05/2014,4.82,-1.7(-3.94 %),1266670,43.5,44.6,40.3
14/05/2014,5.01,2.4(5.88 %),952710,40.6,43.4,40.6
13/05/2014,4.74,-2.3(-5.34 %),2150110,40.3,42.4,40.1
12/05/2014,5.0,-3.2(-6.91 %),1232320,44.9,44.9,43.1
09/05/2014,5.37,-1.2(-2.53 %),1193120,46.0,47.5,44.8
08/05/2014,5.51,-3.5(-6.86 %),1858320,49.3,49.3,47.5
07/05/2014,5.92,0.2(0.39 %),1115910,52.0,52.5,50.5
06/05/2014,7.3,-1(-1.52 %),1567890,65.5,66.5,63.0
05/05/2014,7.41,-2.5(-3.65 %),1120840,69.0,69.0,66.0
29/04/2014,7.69,0(0.00 %),496380,68.0,68.5,67.5
28/04/2014,7.69,1(1.48 %),917950,68.0,69.0,67.5
25/04/2014,7.58,2(3.05 %),1127330,65.5,68.0,65.5
24/04/2014,7.35,0(0.00 %),1121510,65.5,67.0,64.5
23/04/2014,7.35,-1.5(-2.24 %),692970,67.0,67.5,65.0
22/04/2014,7.52,2(3.08 %),1077740,65.5,67.0,64.0
21/04/2014,7.3,-2.5(-3.70 %),1218760,67.0,67.5,65.0
18/04/2014,7.58,-2.5(-3.57 %),1033560,70.0,70.0,67.5
17/04/2014,7.86,1(1.45 %),818960,69.5,70.0,68.5
16/04/2014,7.75,-1.5(-2.13 %),1456070,70.0,70.5,68.0
15/04/2014,7.91,-1(-1.40 %),1217060,71.5,72.0,70.0
14/04/2014,8.03,1(1.42 %),1720820,71.0,72.5,70.5
11/04/2014,7.91,0.5(0.71 %),924700,69.5,71.0,69.5
10/04/2014,7.86,-0.5(-0.71 %),912440,71.0,71.0,70.0
08/04/2014,7.91,1(1.44 %),1878400,70.0,71.5,70.0
07/04/2014,7.8,1.5(2.21 %),1118980,68.5,70.0,68.0
04/04/2014,7.63,-0.5(-0.73 %),830330,68.5,69.0,67.5
03/04/2014,7.69,0.5(0.74 %),590550,68.5,69.0,67.5
02/04/2014,7.63,-1(-1.45 %),1636330,69.0,70.0,66.5
01/04/2014,7.75,-1(-1.43 %),737670,70.0,70.0,68.0
31/03/2014,7.86,-0.5(-0.71 %),860380,72.0,72.0,69.5
28/03/2014,7.91,2.5(3.68 %),994670,69.0,71.0,68.5
27/03/2014,7.63,0(0.00 %),944990,68.0,68.5,67.0
26/03/2014,7.63,-1.5(-2.16 %),1658730,70.0,70.5,67.5
25/03/2014,7.8,-1.5(-2.11 %),1139950,71.0,71.5,69.5
24/03/2014,7.97,-0.5(-0.70 %),719940,71.0,72.0,71.0
21/03/2014,8.03,0.5(0.70 %),963090,71.0,72.5,70.5
20/03/2014,7.97,-1(-1.39 %),993620,72.0,72.5,70.5
19/03/2014,8.08,1(1.41 %),567100,71.5,73.0,71.5
18/03/2014,7.97,3.5(5.19 %),2210540,67.5,72.0,67.0
17/03/2014,7.58,0(0.00 %),960750,68.5,68.5,67.5
14/03/2014,7.58,-0.5(-0.74 %),1435730,68.0,68.5,67.0
13/03/2014,7.63,0.5(0.74 %),906880,68.0,68.5,67.5
12/03/2014,7.58,0.5(0.75 %),1966080,69.5,70.0,67.5
11/03/2014,7.52,3.5(5.51 %),2154020,63.5,67.5,62.5
10/03/2014,7.13,0.5(0.79 %),505430,63.0,63.5,62.5
07/03/2014,7.07,0.5(0.80 %),1032190,62.5,63.5,61.5
06/03/2014,7.02,0.5(0.81 %),706070,62.0,63.0,61.5
05/03/2014,6.96,1(1.64 %),611560,62.0,62.5,61.0
04/03/2014,6.85,-0.5(-0.81 %),962100,61.0,61.5,60.0
03/03/2014,6.9,-2.5(-3.91 %),1112540,63.5,64.0,61.0
28/02/2014,7.18,1(1.59 %),1111220,63.0,64.0,62.0
27/02/2014,7.07,-1.5(-2.33 %),1165490,64.0,65.0,63.0
26/02/2014,7.24,3(4.88 %),2226350,62.0,64.5,61.5
25/02/2014,6.9,2(3.36 %),1577680,58.5,61.5,58.5
24/02/2014,6.68,1.5(2.59 %),979350,58.0,59.5,57.0
21/02/2014,6.51,1(1.75 %),689100,57.0,58.5,55.5
20/02/2014,6.4,-2(-3.39 %),1074480,59.0,60.0,55.5
19/02/2014,6.62,2(3.51 %),999370,57.0,59.0,57.0
18/02/2014,6.4,1(1.79 %),505020,56.0,57.0,55.5
17/02/2014,6.29,-0.5(-0.88 %),359620,56.0,57.0,55.5
14/02/2014,6.34,-0.5(-0.88 %),540290,57.0,57.5,56.0
13/02/2014,6.4,0(0.00 %),621020,57.0,57.5,56.0
12/02/2014,6.4,2(3.64 %),978110,55.5,57.0,55.5
11/02/2014,6.17,-0.5(-0.90 %),1257350,56.0,56.5,54.5
10/02/2014,6.23,2(3.74 %),611330,54.0,56.0,53.0
07/02/2014,6.01,-1(-1.83 %),753990,54.5,55.0,53.5
06/02/2014,6.12,-1(-1.80 %),538550,55.0,55.5,53.5
27/01/2014,6.23,-0.5(-0.89 %),613960,56.0,56.5,55.0
24/01/2014,6.29,1.5(2.75 %),836990,55.0,56.5,54.0
23/01/2014,6.12,1.5(2.83 %),476170,53.0,54.5,52.5
22/01/2014,5.95,0(0.00 %),650280,53.5,54.0,52.0
21/01/2014,5.95,1(1.92 %),647850,52.0,53.0,51.5
20/01/2014,5.84,0.5(0.97 %),883960,51.5,53.5,51.5
17/01/2014,5.78,1(1.98 %),1192920,51.0,52.5,50.5
16/01/2014,5.67,0.5(1.00 %),915150,51.0,51.0,50.0
15/01/2014,5.61,0.8(1.63 %),1440070,49.6,51.5,49.5
14/01/2014,5.52,0.1(0.20 %),757320,49.1,49.9,49.0
13/01/2014,5.51,0.4(0.82 %),773230,49.0,49.4,48.7
10/01/2014,5.47,0.3(0.62 %),704840,48.5,49.5,48.5
09/01/2014,5.43,0.6(1.26 %),317250,47.7,48.4,47.7
08/01/2014,5.37,0.3(0.63 %),129600,47.4,48.0,47.4
07/01/2014,5.33,-0.5(-1.04 %),290990,48.0,48.0,47.5
06/01/2014,5.39,0.7(1.48 %),301670,47.3,48.0,47.0
03/01/2014,5.31,-0.1(-0.21 %),165110,47.3,47.4,47.0
02/01/2014,5.32,0.3(0.64 %),207470,47.6,47.8,47.2
31/12/2013,5.29,0.4(0.86 %),602000,46.9,48.0,46.5
30/12/2013,5.24,-0.4(-0.85 %),365750,47.4,47.4,46.7
27/12/2013,5.29,0(0.00 %),185110,47.2,47.4,47.1
26/12/2013,5.29,0.3(0.64 %),443380,46.8,47.4,46.8
25/12/2013,5.25,-0.1(-0.21 %),315920,47.0,47.0,46.8
24/12/2013,5.27,-0.3(-0.64 %),219700,47.1,47.2,46.9
23/12/2013,5.3,0.2(0.43 %),132970,47.0,47.5,47.0
20/12/2013,5.28,-0.3(-0.63 %),169680,47.5,47.5,47.0
19/12/2013,5.31,0(0.00 %),222690,47.3,47.5,47.2
18/12/2013,5.31,0.1(0.21 %),127750,47.4,47.4,47.0
17/12/2013,5.3,0(0.00 %),118230,47.2,47.4,47.1
16/12/2013,5.3,0(0.00 %),106870,47.2,47.3,47.0
13/12/2013,5.3,0.4(0.85 %),191610,47.1,47.5,47.0
12/12/2013,5.25,0(0.00 %),332300,46.8,46.8,46.4
11/12/2013,5.25,-0.4(-0.85 %),328330,47.2,47.2,46.5
10/12/2013,5.3,-0.3(-0.63 %),364830,47.5,47.5,47.1
09/12/2013,5.33,-0.5(-1.04 %),376760,48.0,48.0,47.5
06/12/2013,5.39,-0.1(-0.21 %),509580,48.1,48.2,47.7
05/12/2013,5.4,-0.7(-1.43 %),712960,48.8,48.8,48.1
04/12/2013,5.48,0(0.00 %),464680,49.1,49.1,48.7
03/12/2013,5.48,0.5(1.04 %),1303680,48.1,49.5,48.0
02/12/2013,5.42,0.2(0.42 %),287190,48.3,48.4,48.0
29/11/2013,5.4,-0.3(-0.62 %),190290,48.3,48.5,48.1
28/11/2013,5.43,-0.2(-0.41 %),153520,48.4,48.7,48.4
27/11/2013,5.46,0(0.00 %),204670,48.7,48.8,48.3
26/11/2013,5.46,0(0.00 %),279960,48.5,48.7,48.3
25/11/2013,5.46,0.1(0.21 %),447070,48.6,48.8,48.3
22/11/2013,5.44,0.5(1.04 %),175950,48.2,48.6,47.9
21/11/2013,5.39,-0.1(-0.21 %),472460,48.2,50.0,48.0
20/11/2013,5.4,-0.2(-0.41 %),273870,48.3,48.3,47.7
19/11/2013,5.42,0.2(0.42 %),314080,48.2,48.4,48.0
18/11/2013,5.4,0.5(1.05 %),518370,48.0,48.6,47.9
15/11/2013,5.34,1.3(2.81 %),707550,46.5,47.7,46.5
14/11/2013,5.2,0.1(0.22 %),108680,46.3,46.5,46.2
13/11/2013,5.19,-0.1(-0.22 %),77830,46.5,46.5,46.1
12/11/2013,5.2,0.2(0.43 %),277180,46.1,46.6,46.1
11/11/2013,5.18,0.1(0.22 %),147110,46.1,46.2,45.9
08/11/2013,5.16,0.2(0.44 %),142130,45.8,46.0,45.8
07/11/2013,5.14,-0.3(-0.65 %),205880,46.0,46.1,45.8
06/11/2013,5.18,0.2(0.44 %),147130,46.0,46.1,45.9
05/11/2013,5.15,-0.1(-0.22 %),170070,46.0,46.0,45.9
04/11/2013,5.16,0(0.00 %),55500,46.1,46.1,45.8
01/11/2013,5.16,0.2(0.44 %),124810,46.0,46.0,45.8
31/10/2013,5.14,-0.2(-0.43 %),136460,46.1,46.1,45.8
30/10/2013,5.16,0.4(0.88 %),251170,45.6,46.3,45.6
29/10/2013,5.12,0.2(0.44 %),118960,45.2,45.7,45.2
28/10/2013,5.1,-0.2(-0.44 %),90570,46.0,46.0,45.4
25/10/2013,5.12,-0.4(-0.87 %),257460,45.9,46.0,45.5
24/10/2013,5.16,-0.2(-0.43 %),257910,46.0,46.5,46.0
23/10/2013,5.19,0.2(0.43 %),228910,45.8,46.2,45.8
22/10/2013,5.16,-0.2(-0.43 %),213510,45.9,46.2,45.9
21/10/2013,5.19,0(0.00 %),357910,46.2,46.6,46.1
18/10/2013,5.19,0.3(0.65 %),470030,46.0,46.8,46.0
17/10/2013,5.15,0.2(0.44 %),413030,46.1,46.4,45.7
16/10/2013,5.13,0.2(0.44 %),361750,45.7,45.7,45.3
15/10/2013,5.11,0.6(1.34 %),147540,45.1,45.5,45.0
14/10/2013,5.04,-0.1(-0.22 %),164050,45.1,45.1,44.7
11/10/2013,5.05,-0.1(-0.22 %),194600,45.3,45.5,44.9
10/10/2013,5.06,-0.6(-1.31 %),259470,45.6,45.8,45.1
09/10/2013,5.13,-0.2(-0.44 %),203180,45.9,46.1,45.6
08/10/2013,5.15,-0.2(-0.43 %),150880,46.1,46.1,45.6
07/10/2013,5.18,0.5(1.10 %),244840,45.5,46.3,45.5
04/10/2013,5.12,0.8(1.79 %),435780,45.0,45.8,44.8
03/10/2013,5.03,-0.3(-0.67 %),180150,45.1,45.1,44.7
02/10/2013,5.06,0.3(0.67 %),125270,44.8,45.2,44.8
01/10/2013,5.03,-0.3(-0.67 %),309650,44.9,45.3,44.8
30/09/2013,5.06,0.1(0.22 %),191710,45.4,45.4,44.9
27/09/2013,5.05,-0.2(-0.44 %),134960,45.3,45.3,44.6
26/09/2013,5.07,0.4(0.89 %),179940,44.8,45.2,44.5
25/09/2013,5.03,-0.4(-0.88 %),252640,45.3,45.4,44.6
24/09/2013,5.07,0.8(1.80 %),335390,44.5,45.6,44.5
23/09/2013,4.98,0.9(2.07 %),322410,43.5,44.5,43.5
20/09/2013,4.88,0.1(0.23 %),44400,43.4,43.7,43.4
19/09/2013,4.87,0.1(0.23 %),137210,43.6,43.9,43.4
18/09/2013,4.86,0.4(0.93 %),206220,43.3,43.8,43.0
17/09/2013,4.82,0.2(0.47 %),158300,42.9,43.3,42.6
16/09/2013,4.79,-0.1(-0.23 %),171720,42.9,43.0,42.6
13/09/2013,4.8,-0.2(-0.47 %),109090,42.8,43.3,42.8
12/09/2013,4.83,-0.3(-0.69 %),192520,43.1,43.6,43.0
11/09/2013,4.86,-0.2(-0.46 %),232820,43.9,44.3,43.3
10/09/2013,4.88,0.3(0.69 %),61870,43.2,43.9,43.2
09/09/2013,4.85,-1.1(-2.48 %),136590,44.3,44.3,42.9
06/09/2013,4.97,0.6(1.37 %),265600,43.9,44.9,43.6
05/09/2013,4.91,0.8(1.86 %),241450,43.2,43.8,42.8
04/09/2013,4.82,0.1(0.23 %),255430,43.1,43.3,42.6
03/09/2013,4.8,-0.3(-0.70 %),58660,43.7,43.7,42.8
30/08/2013,4.84,0.5(1.17 %),229370,43.0,43.2,42.5
29/08/2013,4.78,-0.2(-0.47 %),139290,42.6,43.5,42.6
28/08/2013,4.8,-1.6(-3.60 %),433180,43.8,44.0,42.2
27/08/2013,4.98,-0.2(-0.45 %),122680,44.9,44.9,44.2
26/08/2013,5.01,-0.1(-0.22 %),199040,44.6,44.8,44.0
23/08/2013,5.02,-0.7(-1.54 %),440450,45.5,45.6,44.5
22/08/2013,5.1,-1(-2.16 %),373950,46.4,46.4,45.1
21/08/2013,5.21,-0.4(-0.85 %),472880,46.8,46.8,45.0
20/08/2013,5.25,-0.3(-0.64 %),448010,47.0,47.1,46.4
19/08/2013,5.29,1.1(2.39 %),538180,46.0,47.6,45.9
16/08/2013,5.16,0.2(0.44 %),320220,45.7,46.0,45.2
15/08/2013,5.14,1.6(3.62 %),805360,45.3,46.2,44.9
14/08/2013,4.97,0.2(0.44 %),198010,45.5,45.7,45.3
13/08/2013,4.95,0.1(0.22 %),426440,45.4,45.9,45.2
12/08/2013,4.95,-0.1(-0.22 %),184200,45.8,45.8,45.2
09/08/2013,4.96,0.4(0.88 %),204960,45.2,45.6,45.1
08/08/2013,4.92,-1.1(-2.38 %),363680,46.3,46.3,45.2
07/08/2013,5.04,1.1(2.43 %),826400,45.5,46.7,45.3
06/08/2013,4.92,0.7(1.57 %),475480,44.5,45.3,44.5
05/08/2013,4.84,1.3(3.01 %),564080,43.3,45.4,43.3
02/08/2013,4.7,0.3(0.70 %),77930,43.3,43.4,43.1
01/08/2013,4.67,-0.1(-0.23 %),77340,43.0,43.1,42.9
31/07/2013,4.68,0(0.00 %),83540,43.3,43.3,42.7
30/07/2013,4.68,0.8(1.90 %),90410,42.1,43.0,42.0
29/07/2013,4.59,-0.7(-1.63 %),179400,42.9,42.9,42.0
26/07/2013,4.67,-0.5(-1.15 %),58250,43.6,43.6,42.8
25/07/2013,4.72,0.4(0.93 %),107830,43.4,43.7,43.0
24/07/2013,4.68,-0.6(-1.38 %),239630,43.2,43.4,43.0
23/07/2013,4.75,-0.3(-0.68 %),95720,43.9,43.9,43.5
22/07/2013,4.78,0(0.00 %),66820,44.3,44.3,43.5
19/07/2013,4.78,0.6(1.39 %),113860,43.7,43.9,43.3
18/07/2013,4.71,-0.4(-0.92 %),65160,43.7,44.0,43.3
17/07/2013,4.76,0.1(0.23 %),145010,44.0,44.0,43.7
16/07/2013,4.75,0.5(1.16 %),107880,43.3,43.9,43.1
15/07/2013,4.69,0.1(0.23 %),75830,43.3,43.3,42.7
12/07/2013,4.68,0.6(1.42 %),102160,42.3,43.0,42.3
11/07/2013,4.61,-0.1(-0.24 %),108660,42.6,42.6,42.2
10/07/2013,4.63,-0.1(-0.23 %),42560,42.6,42.7,42.3
09/07/2013,4.64,-0.4(-0.93 %),88920,43.0,43.0,42.2
08/07/2013,4.68,-0.6(-1.38 %),112140,43.7,43.7,43.0
05/07/2013,4.75,0.2(0.46 %),193730,43.4,43.7,43.1
04/07/2013,4.72,0.8(1.88 %),526820,42.7,44.0,42.6
03/07/2013,4.64,0.2(0.47 %),144550,42.6,42.6,42.2
02/07/2013,4.61,0.4(0.95 %),82370,42.1,42.8,42.0
01/07/2013,4.57,0.2(0.48 %),42960,42.1,42.1,41.6
28/06/2013,4.55,0.2(0.48 %),113820,42.5,42.5,41.8
27/06/2013,4.53,0.1(0.24 %),171250,41.8,41.9,41.4
26/06/2013,4.52,0.1(0.24 %),171080,41.1,41.6,41.1
25/06/2013,4.51,-1.1(-2.59 %),668790,42.2,42.4,41.0
24/06/2013,4.63,-0.2(-0.47 %),157140,42.7,42.7,42.2
21/06/2013,4.65,-0.1(-0.23 %),249940,42.6,42.7,42.0
20/06/2013,4.66,-0.2(-0.47 %),144390,43.2,43.2,42.7
19/06/2013,4.68,0.1(0.23 %),105860,43.0,43.4,42.8
18/06/2013,4.67,-0.3(-0.69 %),179510,43.2,43.2,42.6
17/06/2013,4.7,-1(-2.26 %),245350,44.5,44.5,43.2
14/06/2013,4.81,-0.5(-1.12 %),257590,44.2,44.9,44.2
13/06/2013,4.87,-0.3(-0.67 %),413530,44.7,45.0,44.5
12/06/2013,4.9,-0.2(-0.44 %),194000,45.0,45.2,44.7
11/06/2013,4.92,-0.4(-0.88 %),235030,45.6,45.6,45.0
10/06/2013,4.96,0.1(0.22 %),256220,46.0,46.0,45.5
07/06/2013,4.95,-0.2(-0.44 %),145200,45.9,46.0,45.0
06/06/2013,4.97,0.5(1.11 %),189030,44.7,45.7,44.7
05/06/2013,4.92,0.5(1.12 %),114490,45.0,45.5,45.0
04/06/2013,4.87,0.4(0.90 %),721910,44.3,45.6,44.3
03/06/2013,4.82,-0.2(-0.45 %),312910,44.5,44.9,44.1
31/05/2013,4.84,0.6(1.37 %),580620,44.0,45.5,44.0
30/05/2013,4.78,-0.1(-0.23 %),294550,43.8,44.0,43.5
29/05/2013,4.79,0.9(2.09 %),495190,43.5,44.4,43.2
28/05/2013,4.69,0.3(0.70 %),330890,43.0,43.3,42.8
27/05/2013,4.66,0.8(1.90 %),364260,43.3,43.5,42.7
24/05/2013,4.57,0.3(0.72 %),325890,41.7,42.4,41.6
23/05/2013,4.54,0(0.00 %),620980,41.3,42.2,41.3
22/05/2013,4.54,-0.3(-0.71 %),473190,42.0,42.2,41.7
21/05/2013,4.57,2.7(6.87 %),1829150,41.3,42.0,40.1
20/05/2013,4.28,0.8(2.08 %),311400,38.5,39.8,38.5
17/05/2013,4.19,-0.3(-0.77 %),103500,38.7,38.8,38.5
16/05/2013,4.22,0(0.00 %),129340,39.0,39.0,38.5
15/05/2013,4.22,0.4(1.04 %),156680,38.7,38.8,38.4
14/05/2013,4.18,0.4(1.05 %),321880,38.0,39.3,38.0
13/05/2013,4.14,0.1(0.26 %),60290,38.2,38.2,37.9
10/05/2013,4.13,0.1(0.26 %),64700,38.0,38.0,37.8
09/05/2013,4.11,0(0.00 %),80750,38.0,38.0,37.8
08/05/2013,4.11,0.3(0.80 %),122380,38.0,38.1,37.6
07/05/2013,4.08,-0.8(-2.09 %),91010,38.0,38.3,37.5
06/05/2013,4.17,1.2(3.23 %),188450,37.4,38.3,37.1
03/05/2013,4.04,0.1(0.27 %),73320,37.1,37.2,37.0
02/05/2013,4.03,-0.2(-0.54 %),66280,37.4,37.4,37.0
26/04/2013,4.05,0(0.00 %),51690,37.2,37.4,37.1
25/04/2013,4.05,0.1(0.27 %),46180,37.6,37.6,37.1
24/04/2013,4.04,-0.2(-0.54 %),150350,37.5,37.5,36.9
23/04/2013,4.06,0.4(1.08 %),70860,37.4,37.4,37.0
22/04/2013,4.02,-0.1(-0.27 %),143400,37.5,37.5,36.9
18/04/2013,4.03,-1(-2.63 %),135860,37.6,37.8,36.9
17/04/2013,4.14,0.5(1.33 %),105540,38.2,38.5,37.5
16/04/2013,4.08,-0.3(-0.79 %),137720,37.8,37.9,36.8
15/04/2013,4.11,-1.2(-3.08 %),320830,38.5,39.0,37.6
12/04/2013,4.24,-0.2(-0.51 %),332180,39.5,39.7,38.7
11/04/2013,4.27,-0.6(-1.51 %),312510,39.8,39.8,38.9
10/04/2013,4.33,-1.1(-2.69 %),305550,41.0,41.0,39.8
09/04/2013,4.45,1.2(3.02 %),894350,39.8,41.6,39.7
08/04/2013,4.32,1.3(3.39 %),721860,38.4,39.7,38.4
05/04/2013,4.18,0.3(0.79 %),123140,38.0,38.4,38.0
04/04/2013,4.15,-0.3(-0.78 %),58120,38.5,38.5,38.0
03/04/2013,4.18,-0.3(-0.78 %),128770,38.8,38.9,38.4
02/04/2013,4.21,0.3(0.78 %),413850,38.5,39.4,38.5
01/04/2013,4.18,0.6(1.59 %),142540,37.6,38.4,37.6
29/03/2013,4.11,0(0.00 %),184310,37.8,38.0,37.5
28/03/2013,4.11,0(0.00 %),97940,37.9,38.2,37.8
27/03/2013,4.11,-0.5(-1.31 %),187110,38.2,38.3,37.8
26/03/2013,4.17,-0.2(-0.52 %),138400,38.8,38.8,38.3
25/03/2013,4.19,0.5(1.32 %),173440,38.7,38.7,38.2
22/03/2013,4.14,-0.2(-0.52 %),387570,38.6,39.8,38.0
21/03/2013,4.16,1(2.69 %),274540,37.4,38.6,37.3
20/03/2013,4.05,0.2(0.54 %),63140,37.3,37.5,37.0
19/03/2013,4.03,0.1(0.27 %),27280,36.7,37.1,36.7
18/03/2013,4.02,-0.3(-0.81 %),54560,37.3,37.4,36.9
15/03/2013,4.05,-0.1(-0.27 %),13800,37.4,37.4,37.1
14/03/2013,4.06,0.2(0.54 %),15620,37.5,37.5,37.1
13/03/2013,4.04,-0.3(-0.80 %),66390,37.6,37.6,37.0
12/03/2013,4.07,0(0.00 %),67310,37.2,37.8,36.9
11/03/2013,4.07,0.6(1.63 %),78540,36.8,37.5,36.8
08/03/2013,4.01,0.8(2.22 %),116190,35.9,36.9,35.9
07/03/2013,3.92,-0.2(-0.55 %),115870,36.5,36.5,35.6
06/03/2013,3.94,0.5(1.40 %),60350,35.7,36.3,35.7
05/03/2013,3.89,-0.5(-1.38 %),194960,36.0,36.2,35.7
04/03/2013,3.94,-0.8(-2.16 %),225550,36.9,36.9,36.0
01/03/2013,4.03,0(0.00 %),96880,37.1,37.1,36.8
28/02/2013,4.03,0.4(1.09 %),191070,36.6,37.2,36.6
27/02/2013,3.98,-0.3(-0.81 %),283110,36.6,37.3,36.5
26/02/2013,4.02,-1.5(-3.91 %),285040,38.4,38.4,36.9
25/02/2013,4.18,-0.1(-0.26 %),143330,38.9,38.9,38.3
22/02/2013,4.19,-0.1(-0.26 %),337970,38.9,39.4,37.5
21/02/2013,4.2,-0.9(-2.28 %),307570,39.5,39.6,38.6
20/02/2013,4.3,-0.2(-0.50 %),171590,39.2,39.7,39.2
19/02/2013,4.32,-0.3(-0.75 %),168260,40.0,40.1,39.6
18/02/2013,4.35,0.2(0.50 %),131010,39.8,40.2,39.7
08/02/2013,4.33,0.2(0.51 %),92170,39.7,40.5,39.5
07/02/2013,4.31,0.2(0.51 %),155490,39.5,39.6,39.3
06/02/2013,4.29,0.2(0.51 %),90900,39.1,40.0,39.1
05/02/2013,4.27,-0.2(-0.51 %),183200,39.1,39.4,38.9
04/02/2013,4.29,-0.1(-0.25 %),166570,39.8,39.8,39.2
01/02/2013,4.3,-0.6(-1.50 %),323300,40.0,40.0,39.0
31/01/2013,4.36,-0.7(-1.72 %),366670,40.6,40.7,40.0
30/01/2013,4.44,1.3(3.29 %),689630,40.0,41.6,40.0
29/01/2013,4.3,-0.3(-0.75 %),207130,39.7,40.0,39.4
28/01/2013,4.33,0.5(1.27 %),558550,39.5,40.8,39.5
25/01/2013,4.28,1.3(3.42 %),787540,38.4,39.5,38.4
24/01/2013,4.14,0.9(2.43 %),141650,37.3,38.1,37.3
23/01/2013,4.04,0(0.00 %),192530,36.9,37.3,36.9
22/01/2013,4.04,-0.6(-1.59 %),373240,37.7,37.9,36.3
21/01/2013,4.1,-0.2(-0.53 %),119000,37.8,38.0,37.5
18/01/2013,4.13,-0.2(-0.52 %),362960,37.8,38.1,37.7
17/01/2013,4.15,-0.5(-1.30 %),292200,38.5,38.7,38.1
16/01/2013,4.2,0.4(1.05 %),368380,38.6,39.2,38.2
15/01/2013,4.16,0.5(1.33 %),357880,37.7,38.7,37.7
14/01/2013,4.1,-1.2(-3.08 %),499600,38.2,38.5,37.6
11/01/2013,4.23,-0.6(-1.52 %),614810,39.5,39.7,38.8
10/01/2013,4.3,0.5(1.28 %),607050,38.7,39.8,38.6
09/01/2013,4.24,1(2.63 %),1588500,39.9,39.9,38.5
08/01/2013,4.14,1.8(4.97 %),535860,36.3,38.0,36.2
07/01/2013,3.94,-0.2(-0.55 %),204570,36.2,36.5,36.0
04/01/2013,3.96,0.5(1.39 %),278020,35.7,36.4,35.6
03/01/2013,3.91,-0.5(-1.37 %),366960,36.4,36.6,35.3
02/01/2013,3.96,1.2(3.41 %),380320,35.3,36.6,35.3
28/12/2012,3.83,-0.3(-0.85 %),152500,35.5,35.5,35.1
27/12/2012,3.86,1.2(3.50 %),346980,34.5,35.8,34.5
26/12/2012,3.73,1.1(3.31 %),274620,33.1,34.3,33.0
25/12/2012,3.61,0(0.00 %),189040,33.2,33.3,33.0
24/12/2012,3.61,0.6(1.84 %),156090,32.7,33.3,32.7
21/12/2012,3.55,-0.2(-0.61 %),202750,32.8,33.0,32.3
20/12/2012,3.57,-0.5(-1.50 %),71260,33.5,33.5,32.8
19/12/2012,3.62,0.9(2.78 %),151080,32.9,33.7,32.6
18/12/2012,3.53,-0.5(-1.52 %),95270,32.5,32.9,32.4
17/12/2012,3.58,-0.1(-0.30 %),89860,33.0,33.4,32.8
14/12/2012,3.59,-0.2(-0.60 %),61370,33.1,33.5,33.0
13/12/2012,3.61,0.2(0.61 %),139170,33.1,33.4,32.9
12/12/2012,3.59,0.5(1.54 %),144700,32.5,33.5,32.5
11/12/2012,3.54,-0.2(-0.61 %),41280,32.5,32.7,32.5
10/12/2012,3.56,0.4(1.24 %),37500,32.5,32.7,32.4
07/12/2012,3.52,-0.2(-0.62 %),40580,32.3,32.6,32.2
06/12/2012,3.54,-0.2(-0.61 %),66360,32.4,32.7,32.4
05/12/2012,3.56,0.9(2.83 %),107150,32.8,33.2,32.3
04/12/2012,3.48,0.3(0.92 %),93650,32.2,32.8,32.1
03/12/2012,3.45,-0.2(-0.61 %),54360,32.7,32.7,32.4
30/11/2012,3.47,0.1(0.31 %),44430,32.7,32.8,32.6
29/11/2012,3.46,-0.4(-1.21 %),73740,33.0,33.1,32.6
28/11/2012,3.51,-0.4(-1.20 %),44390,33.5,33.5,33.0
27/11/2012,3.55,-0.3(-0.89 %),49420,33.7,33.8,33.4
26/11/2012,3.58,-0.2(-0.59 %),38540,34.0,34.0,33.7
23/11/2012,3.6,0(0.00 %),31930,34.1,34.1,33.9
22/11/2012,3.6,0(0.00 %),39450,34.0,34.0,33.8
21/11/2012,3.6,-0.1(-0.29 %),20910,34.3,34.3,33.9
20/11/2012,3.61,0(0.00 %),22050,33.7,34.1,33.7
19/11/2012,3.61,-0.5(-1.45 %),32930,34.8,34.8,34.0
16/11/2012,3.67,-0.2(-0.58 %),17580,34.9,34.9,34.5
15/11/2012,3.69,-0.3(-0.86 %),45690,35.0,35.0,34.7
14/11/2012,3.72,0.1(0.29 %),31510,35.1,35.1,34.8
13/11/2012,3.71,-0.1(-0.29 %),31120,35.1,35.2,34.9
12/11/2012,3.72,1(2.94 %),99430,34.3,35.2,34.3
09/11/2012,3.61,0(0.00 %),23200,34.0,34.1,33.8
08/11/2012,3.61,0(0.00 %),36430,34.2,34.2,33.8
07/11/2012,3.61,0.5(1.49 %),44590,33.9,34.2,33.7
06/11/2012,3.56,-0.4(-1.18 %),44860,34.4,34.4,33.5
05/11/2012,3.6,-0.2(-0.59 %),97960,32.6,34.1,32.5
02/11/2012,3.62,-1.7(-4.75 %),96810,34.3,34.6,34.1
01/11/2012,3.8,0(0.00 %),70110,35.4,36.0,35.4
31/10/2012,3.8,-0.1(-0.28 %),91490,35.9,36.0,35.8
30/10/2012,3.81,-0.4(-1.10 %),94430,35.9,36.2,35.9
29/10/2012,3.86,-0.1(-0.27 %),47580,36.2,36.4,36.2
26/10/2012,3.87,-0.1(-0.27 %),31920,36.5,36.5,36.2
25/10/2012,3.88,0(0.00 %),61750,36.2,36.5,36.2
24/10/2012,3.88,0(0.00 %),81980,36.5,36.6,36.5
23/10/2012,3.88,0(0.00 %),76660,36.5,36.6,36.4
22/10/2012,3.88,-0.1(-0.27 %),57430,36.9,36.9,36.5
19/10/2012,3.89,-0.1(-0.27 %),60110,37.0,37.0,36.4
18/10/2012,3.9,-0.4(-1.08 %),60410,37.1,37.1,36.7
17/10/2012,3.94,0(0.00 %),26680,37.0,37.3,37.0
16/10/2012,3.94,0.2(0.54 %),67270,36.8,37.2,36.8
15/10/2012,3.92,-0.2(-0.54 %),63990,37.0,37.2,36.9
12/10/2012,3.94,-0.3(-0.80 %),45680,37.4,37.6,37.1
11/10/2012,3.97,-0.1(-0.27 %),160130,37.8,37.8,37.4
10/10/2012,3.98,0.3(0.81 %),42760,37.5,37.5,37.3
09/10/2012,3.95,0.3(0.81 %),143640,37.0,38.0,36.9
08/10/2012,3.92,0.1(0.27 %),64880,36.6,37.1,36.6
05/10/2012,3.91,0(0.00 %),46100,37.0,37.0,36.8
04/10/2012,3.91,-0.1(-0.27 %),93060,36.9,37.1,36.8
03/10/2012,3.92,0(0.00 %),65800,36.9,37.2,36.9
02/10/2012,3.92,0(0.00 %),110610,36.9,37.1,36.7
01/10/2012,3.92,-1(-2.64 %),74140,37.4,37.6,36.7
28/09/2012,4.03,-0.1(-0.26 %),94180,38.0,38.4,37.8
27/09/2012,4.04,1(2.70 %),254170,37.3,38.8,37.1
26/09/2012,3.93,0.4(1.09 %),129510,36.8,37.1,36.5
25/09/2012,3.89,0(0.00 %),126430,36.8,36.8,36.5
24/09/2012,3.89,-0.2(-0.54 %),104050,36.8,36.8,36.5
21/09/2012,3.91,0.1(0.27 %),49890,36.9,37.2,36.7
20/09/2012,3.9,0(0.00 %),138350,36.8,37.2,36.5
19/09/2012,3.9,-1.1(-2.91 %),486130,36.7,37.5,36.4
18/09/2012,4.02,-0.8(-2.07 %),168920,38.4,38.6,37.8
17/09/2012,4.1,-0.1(-0.26 %),98290,38.7,38.8,38.3
14/09/2012,4.11,0(0.00 %),143660,39.2,39.2,38.7
13/09/2012,4.11,0(0.00 %),142710,38.9,38.9,38.3
12/09/2012,4.11,0.2(0.52 %),55010,38.4,39.2,38.4
11/09/2012,4.09,0.1(0.26 %),91990,37.2,38.7,37.2
10/09/2012,4.08,-0.9(-2.29 %),94970,39.4,39.4,38.1
07/09/2012,4.18,-0.1(-0.25 %),105620,39.4,39.5,39.0
06/09/2012,4.19,-1.1(-2.72 %),146150,40.0,40.5,39.1
05/09/2012,4.3,-1.3(-3.11 %),172150,41.8,41.9,40.5
04/09/2012,4.44,1.7(4.24 %),196570,41.9,42.1,40.6
31/08/2012,4.26,1.9(4.97 %),490150,38.2,40.1,38.1
30/08/2012,4.06,0(0.00 %),556380,38.2,38.5,38.0
29/08/2012,4.06,0.1(0.26 %),516890,39.0,39.0,38.0
28/08/2012,4.05,-1(-2.56 %),387150,39.2,40.0,37.9
27/08/2012,4.15,-2(-4.87 %),327330,42.1,42.1,39.1
24/08/2012,3.52,0.3(0.72 %),166690,40.0,43.0,39.9
23/08/2012,3.5,-2.2(-5.00 %),306220,44.0,44.0,41.8
22/08/2012,3.68,0(0.00 %),175470,44.0,45.0,43.8
21/08/2012,3.68,-2.1(-4.56 %),424710,46.0,46.0,43.9
20/08/2012,3.86,0.6(1.32 %),87130,46.0,46.2,45.5
17/08/2012,3.81,-0.3(-0.66 %),219300,45.0,46.0,45.0
16/08/2012,3.83,-0.3(-0.65 %),324050,46.4,46.8,45.8
15/08/2012,3.86,-0.2(-0.43 %),398780,46.1,46.4,46.0
14/08/2012,3.87,-0.2(-0.43 %),223310,45.8,46.9,45.8
13/08/2012,3.89,0.7(1.53 %),155720,47.1,47.1,45.9
10/08/2012,3.83,-1.1(-2.35 %),461230,47.1,47.1,45.8
09/08/2012,3.92,-0.2(-0.42 %),324860,47.1,47.3,46.6
08/08/2012,3.94,-0.1(-0.21 %),71270,47.1,47.2,47.0
07/08/2012,3.95,0(0.00 %),144950,47.1,47.3,47.0
06/08/2012,3.95,-0.1(-0.21 %),148440,47.0,47.5,47.0
03/08/2012,3.96,0.1(0.21 %),159240,47.0,47.3,47.0
02/08/2012,3.95,0(0.00 %),89910,47.0,47.6,47.0
01/08/2012,3.95,-0.4(-0.84 %),134550,47.3,47.5,47.1
31/07/2012,3.98,-1.1(-2.26 %),142000,47.5,48.0,47.5
30/07/2012,4.07,0.7(1.46 %),188880,48.0,49.0,48.0
27/07/2012,4.02,0.2(0.42 %),116650,48.2,48.2,47.8
26/07/2012,4.0,0.3(0.63 %),88280,47.2,47.8,47.2
25/07/2012,3.97,-1.7(-3.46 %),178060,49.0,49.0,47.5
24/07/2012,4.12,2.1(4.46 %),297120,47.1,49.4,47.1
23/07/2012,3.94,0(0.00 %),61190,47.1,47.1,46.9
20/07/2012,3.94,-0.1(-0.21 %),83160,47.7,47.9,47.1
19/07/2012,3.95,0.1(0.21 %),62810,47.0,47.2,46.8
18/07/2012,3.94,-0.2(-0.42 %),54300,47.4,47.4,47.0
17/07/2012,3.96,0(0.00 %),38870,47.2,47.3,47.0
16/07/2012,3.96,-0.5(-1.05 %),23050,48.3,48.3,47.2
13/07/2012,4.0,0.7(1.49 %),30930,47.2,48.0,47.0
12/07/2012,3.94,0(0.00 %),20870,47.0,47.1,47.0
11/07/2012,3.94,0.1(0.21 %),40600,47.0,47.1,46.8
10/07/2012,3.93,-0.1(-0.21 %),27540,47.0,47.2,47.0
09/07/2012,3.94,-0.4(-0.84 %),14410,46.5,47.5,46.5
06/07/2012,3.97,0(0.00 %),26770,47.8,47.8,47.5
05/07/2012,3.97,0.3(0.64 %),35790,47.5,47.6,47.2
04/07/2012,3.95,0.2(0.43 %),18440,47.5,47.5,47.0
03/07/2012,3.93,-0.1(-0.21 %),12120,47.8,47.8,47.0
02/07/2012,3.94,0(0.00 %),131390,47.7,48.4,47.0
29/06/2012,3.94,0(0.00 %),4970,47.5,47.9,47.1
28/06/2012,3.94,-1.5(-3.09 %),36470,48.7,48.7,47.1
27/06/2012,4.07,0(0.00 %),73780,49.0,49.0,48.6
26/06/2012,4.07,-0.4(-0.82 %),31110,48.6,48.8,48.6
25/06/2012,4.1,0(0.00 %),42840,48.9,49.3,48.9
22/06/2012,4.1,-0.2(-0.41 %),67350,49.1,49.2,49.0
21/06/2012,4.12,-0.1(-0.20 %),50360,49.2,49.3,49.0
20/06/2012,4.13,0.2(0.41 %),89720,49.5,49.5,49.1
19/06/2012,4.11,0(0.00 %),103760,49.0,49.2,48.9
18/06/2012,4.11,0.2(0.41 %),34490,49.6,49.6,48.9
15/06/2012,4.09,0.1(0.20 %),108970,49.1,49.1,48.8
14/06/2012,4.08,-0.2(-0.41 %),70750,49.2,49.2,48.7
13/06/2012,4.1,0(0.00 %),71920,49.2,49.2,48.9
12/06/2012,4.1,-0.1(-0.20 %),85420,49.1,49.2,48.9
11/06/2012,4.11,0.1(0.20 %),41690,49.4,49.4,48.7
08/06/2012,4.1,-0.3(-0.61 %),82110,49.5,50.0,49.0
07/06/2012,4.13,0(0.00 %),32200,49.6,49.6,49.3
06/06/2012,4.13,0.3(0.61 %),53290,49.4,49.4,48.9
05/06/2012,4.1,0(0.00 %),146830,48.7,49.1,48.7
04/06/2012,4.1,-0.3(-0.61 %),99040,49.3,49.3,49.0
01/06/2012,4.13,-0.1(-0.20 %),38050,49.4,49.5,49.3
31/05/2012,4.13,-0.2(-0.40 %),140030,49.3,49.5,49.3
30/05/2012,4.15,0.1(0.20 %),65430,50.0,50.0,49.3
29/05/2012,4.14,-0.1(-0.20 %),64910,49.5,49.6,49.2
28/05/2012,4.15,0(0.00 %),124200,49.5,50.0,49.5
25/05/2012,4.15,1(2.06 %),103830,49.6,49.6,49.0
24/05/2012,4.07,-0.2(-0.41 %),99980,48.8,49.0,48.6
23/05/2012,4.08,-1(-2.01 %),127830,49.5,49.8,48.5
22/05/2012,4.17,-0.7(-1.39 %),89520,51.0,51.0,49.7
21/05/2012,4.23,2(4.12 %),167520,50.0,50.5,49.0
18/05/2012,4.06,-1.3(-2.61 %),264100,49.8,49.8,48.0
17/05/2012,4.17,0.5(1.01 %),160230,49.5,50.0,49.5
16/05/2012,4.13,-0.2(-0.40 %),110580,49.9,50.0,49.3
15/05/2012,4.14,-0.5(-1.00 %),350530,52.0,52.0,49.4
14/05/2012,5.25,-0.5(-0.78 %),213220,65.0,65.5,64.0
11/05/2012,5.29,-1(-1.53 %),284390,66.5,66.5,64.5
10/05/2012,5.37,-0.5(-0.76 %),290000,66.5,66.5,65.5
09/05/2012,5.42,-0.5(-0.75 %),264470,66.0,66.5,65.5
08/05/2012,5.46,-0.5(-0.75 %),311770,67.0,67.5,66.0
07/05/2012,5.5,1(1.52 %),284350,66.5,67.0,65.5
04/05/2012,5.42,1(1.54 %),388650,65.0,66.5,65.0
03/05/2012,5.33,3(4.84 %),550510,65.0,65.0,64.0
02/05/2012,5.09,2.5(4.20 %),425310,62.0,62.0,61.5
27/04/2012,4.88,0(0.00 %),108790,60.0,60.5,59.5
26/04/2012,4.88,-1(-1.65 %),180500,61.5,61.5,59.5
25/04/2012,4.96,0.5(0.83 %),79440,61.5,61.5,60.0
24/04/2012,4.92,1.5(2.56 %),81550,59.5,60.0,59.0
23/04/2012,4.8,-0.5(-0.85 %),139090,59.5,61.0,58.5
20/04/2012,4.84,-0.5(-0.84 %),240320,60.0,61.5,59.0
19/04/2012,4.88,-2.5(-4.03 %),301330,62.0,62.5,59.5
18/04/2012,5.09,-0.5(-0.80 %),113720,63.0,63.0,62.0
17/04/2012,5.13,0.5(0.81 %),123760,63.0,63.0,61.5
16/04/2012,5.09,1(1.64 %),128380,62.0,63.0,61.5
13/04/2012,5.0,-2(-3.17 %),129430,63.0,63.0,61.0
12/04/2012,5.17,0.5(0.80 %),181420,63.0,63.5,62.5
11/04/2012,5.13,2.5(4.17 %),401940,60.5,62.5,60.0
10/04/2012,4.92,0(0.00 %),97870,60.5,60.5,59.5
09/04/2012,4.92,0.5(0.84 %),86600,60.5,60.5,59.5
06/04/2012,4.88,0(0.00 %),46820,60.0,60.0,59.5
05/04/2012,4.88,1.5(2.59 %),522960,58.5,60.5,58.0
04/04/2012,4.76,0(0.00 %),229600,58.5,59.0,58.0
03/04/2012,4.76,0(0.00 %),77770,58.0,58.5,58.0
30/03/2012,4.76,0(0.00 %),227480,58.5,59.0,57.5
29/03/2012,4.76,0(0.00 %),188180,58.0,58.5,57.5
28/03/2012,4.76,0.5(0.87 %),227840,56.5,58.0,56.5
27/03/2012,4.72,-0.5(-0.86 %),185140,57.0,58.0,57.0
26/03/2012,4.76,0(0.00 %),112360,58.0,58.0,57.5
23/03/2012,4.76,0.5(0.87 %),71320,58.0,58.0,57.5
22/03/2012,4.72,-1(-1.71 %),90050,58.5,58.5,57.5
21/03/2012,4.8,0(0.00 %),145260,58.5,59.0,58.0
20/03/2012,4.8,-0.5(-0.85 %),94310,59.0,59.0,58.5
19/03/2012,4.84,0(0.00 %),91380,58.0,59.0,57.5
16/03/2012,4.84,0(0.00 %),287960,59.5,60.0,59.0
15/03/2012,4.84,2(3.51 %),431230,57.0,59.0,57.0
14/03/2012,4.68,0(0.00 %),136140,57.0,57.5,56.5
13/03/2012,4.68,0.5(0.88 %),103290,56.5,57.0,56.5
12/03/2012,4.64,0(0.00 %),152560,56.0,56.5,56.0
09/03/2012,4.64,0(0.00 %),188640,56.0,57.5,56.0
08/03/2012,4.64,-1(-1.74 %),319980,57.0,57.5,55.5
07/03/2012,4.72,1.5(2.68 %),190770,56.0,57.5,55.5
06/03/2012,4.59,-2(-3.45 %),291610,60.0,60.0,56.0
05/03/2012,4.76,2.5(4.50 %),427300,56.0,58.0,56.0
02/03/2012,4.55,0.5(0.91 %),166410,55.0,55.5,54.5
01/03/2012,4.51,0(0.00 %),91140,55.0,55.0,54.5
29/02/2012,4.51,0.5(0.92 %),152530,54.5,55.0,54.0
28/02/2012,4.47,-0.5(-0.91 %),172050,54.0,55.0,54.0
27/02/2012,4.51,0.5(0.92 %),141080,54.0,55.0,54.0
24/02/2012,4.47,0(0.00 %),147980,55.5,55.5,54.5
23/02/2012,4.47,0(0.00 %),172180,54.0,55.0,54.0
22/02/2012,4.47,0.5(0.93 %),155470,54.5,55.0,54.0
21/02/2012,4.43,0(0.00 %),328510,54.0,54.5,53.5
20/02/2012,4.43,2(3.85 %),283860,52.0,54.0,52.0
17/02/2012,4.27,0.5(0.97 %),102740,51.0,52.0,51.0
16/02/2012,4.23,0.5(0.98 %),94590,50.5,52.0,50.5
15/02/2012,4.18,0(0.00 %),149520,51.5,51.5,51.0
14/02/2012,4.18,0(0.00 %),121790,51.0,51.5,50.5
13/02/2012,4.18,-0.5(-0.97 %),113870,52.0,52.0,51.0
10/02/2012,4.23,-0.5(-0.96 %),195060,52.0,52.0,51.5
09/02/2012,4.27,0.5(0.97 %),153780,51.5,52.0,51.0
08/02/2012,4.23,1(1.98 %),168150,51.0,51.5,50.5
07/02/2012,4.14,0(0.00 %),74910,50.5,51.0,50.0
06/02/2012,4.14,0(0.00 %),40770,50.5,51.0,50.0
03/02/2012,4.14,-0.5(-0.98 %),182230,51.0,51.0,50.5
02/02/2012,4.18,0.5(0.99 %),83390,50.0,51.0,50.0
01/02/2012,4.14,0.8(1.61 %),44510,51.0,51.0,49.8
31/01/2012,4.08,-0.3(-0.60 %),41940,50.0,51.0,49.7
30/01/2012,4.1,0.3(0.60 %),32540,50.0,50.0,49.7
20/01/2012,4.08,0(0.00 %),71050,49.9,49.9,49.5
19/01/2012,4.08,0.2(0.40 %),87760,50.5,50.5,49.5
18/01/2012,4.06,0(0.00 %),50280,50.5,50.5,49.5
17/01/2012,4.06,-1.5(-2.94 %),74440,50.5,51.0,49.5
16/01/2012,4.18,1(2.00 %),456650,50.0,51.5,50.0
13/01/2012,4.1,0.9(1.83 %),152630,49.0,50.0,49.0
12/01/2012,4.03,-0.4(-0.81 %),46310,48.8,49.5,48.8
11/01/2012,4.06,0(0.00 %),155570,49.5,49.6,49.0
10/01/2012,4.06,0.7(1.43 %),200350,48.5,49.5,48.5
09/01/2012,4.0,0.2(0.41 %),46080,48.6,48.8,48.2
06/01/2012,3.99,0.4(0.83 %),66090,48.5,48.6,48.3
05/01/2012,3.95,-1(-2.03 %),64890,48.3,48.9,48.1
04/01/2012,4.04,0(0.00 %),29710,49.3,49.3,49.1
03/01/2012,4.04,-0.5(-1.01 %),74810,47.5,49.4,47.5
30/12/2011,4.08,0.2(0.40 %),163170,49.9,49.9,49.0
29/12/2011,4.06,0.8(1.64 %),140960,49.0,49.5,48.2
28/12/2011,4.0,0.1(0.21 %),97800,48.8,48.8,48.4
27/12/2011,3.99,-0.3(-0.61 %),139750,48.9,48.9,48.5
26/12/2011,4.01,-0.1(-0.20 %),108960,49.2,49.2,48.5
23/12/2011,4.02,-0.5(-1.01 %),24820,48.6,49.0,48.6
22/12/2011,4.06,0(0.00 %),195010,49.5,49.7,49.0
21/12/2011,4.06,0(0.00 %),88790,49.5,49.6,49.3
20/12/2011,4.06,0(0.00 %),163100,48.0,49.6,48.0
19/12/2011,4.06,0.5(1.02 %),134470,49.0,49.5,49.0
16/12/2011,4.02,0.4(0.82 %),170350,48.2,49.5,48.2
15/12/2011,3.99,-0.4(-0.82 %),93070,48.6,48.9,48.5
14/12/2011,4.02,-0.4(-0.81 %),215210,49.2,49.4,49.0
13/12/2011,4.05,-0.1(-0.20 %),242460,49.2,49.6,49.2
12/12/2011,4.06,0(0.00 %),232810,49.2,49.7,49.2
09/12/2011,4.06,-0.3(-0.60 %),73460,50.5,50.5,49.5
08/12/2011,4.09,-0.2(-0.40 %),44930,50.0,50.5,49.8
07/12/2011,4.1,0(0.00 %),227000,50.0,50.5,49.8
06/12/2011,4.1,0(0.00 %),285080,50.5,50.5,49.6
05/12/2011,4.1,0.7(1.42 %),425860,49.4,50.0,49.3
02/12/2011,4.04,0.1(0.20 %),428220,49.2,49.7,49.1
01/12/2011,4.04,0.1(0.20 %),146480,48.5,49.2,48.5
30/11/2011,4.03,0.3(0.61 %),346600,48.8,49.2,48.8
29/11/2011,4.0,0(0.00 %),170570,49.0,49.0,48.7
28/11/2011,4.0,-0.2(-0.41 %),139210,48.9,49.0,48.8
25/11/2011,4.02,-0.1(-0.20 %),218740,48.7,49.1,48.7
24/11/2011,4.03,0(0.00 %),190630,48.3,49.2,48.3
23/11/2011,4.03,0.5(1.03 %),293890,48.3,49.1,48.3
22/11/2011,3.99,0.4(0.83 %),181280,48.1,48.8,48.0
21/11/2011,3.95,0(0.00 %),94000,47.9,48.2,47.9
18/11/2011,3.95,0(0.00 %),73630,48.5,48.5,47.8
17/11/2011,3.95,0.2(0.42 %),238160,48.0,48.2,47.7
16/11/2011,3.94,0.5(1.05 %),175510,47.3,48.0,47.3
15/11/2011,3.9,-0.5(-1.04 %),273560,48.0,48.1,47.5
14/11/2011,3.94,-0.6(-1.23 %),119260,47.9,48.5,47.9
11/11/2011,3.99,-0.2(-0.41 %),225640,48.7,48.9,48.6
10/11/2011,4.0,0(0.00 %),172320,48.6,48.8,48.5
09/11/2011,4.0,-0.2(-0.41 %),112570,49.4,49.4,48.8
08/11/2011,4.02,-0.8(-1.61 %),107750,49.8,49.8,48.8
07/11/2011,4.09,-0.1(-0.20 %),302770,49.9,50.0,49.5
04/11/2011,4.09,0.6(1.22 %),359090,49.3,50.0,49.3
03/11/2011,4.04,-0.4(-0.80 %),235790,49.7,49.7,49.0
02/11/2011,4.08,0.6(1.22 %),310510,49.1,49.9,49.0
01/11/2011,4.03,-0.4(-0.81 %),174910,49.6,49.6,49.1
31/10/2011,4.06,-0.5(-1.00 %),409820,51.0,51.0,49.5
28/10/2011,4.1,1.5(3.09 %),295130,49.0,50.0,48.5
27/10/2011,3.98,0(0.00 %),241780,48.0,48.6,48.0
26/10/2011,3.98,0.8(1.68 %),275300,47.5,49.3,47.5
25/10/2011,3.91,-0.6(-1.24 %),242580,48.1,48.2,47.7
24/10/2011,3.96,-1.3(-2.62 %),221630,49.6,49.6,48.3
21/10/2011,4.07,0.9(1.85 %),438200,48.6,49.6,48.5
20/10/2011,4.0,-0.1(-0.20 %),185230,48.5,48.9,48.5
19/10/2011,4.0,-0.2(-0.41 %),278000,49.1,49.1,48.7
18/10/2011,4.02,-0.3(-0.61 %),158590,49.1,49.2,48.9
17/10/2011,4.04,-0.7(-1.40 %),305380,49.4,49.7,49.3
14/10/2011,4.1,0.6(1.21 %),157850,49.5,50.0,49.5
13/10/2011,4.05,0.5(1.02 %),182530,48.6,49.4,48.6
12/10/2011,4.01,-0.2(-0.41 %),223900,48.9,49.1,48.8
11/10/2011,4.03,0.1(0.20 %),148310,49.0,49.5,48.9
10/10/2011,4.02,-0.5(-1.01 %),241020,48.6,49.1,48.6
07/10/2011,4.06,-0.5(-1.00 %),334910,49.9,49.9,49.3
06/10/2011,4.1,-0.5(-0.99 %),543870,50.0,50.5,49.6
05/10/2011,4.14,-0.5(-0.98 %),617080,51.0,51.0,50.0
04/10/2011,4.18,0(0.00 %),183950,50.0,51.0,50.0
03/10/2011,4.18,-0.5(-0.97 %),175530,51.5,51.5,51.0
30/09/2011,4.23,0(0.00 %),302940,51.5,52.0,51.0
29/09/2011,4.23,0(0.00 %),171900,51.5,52.0,51.0
28/09/2011,4.23,0.5(0.98 %),122420,51.5,52.0,51.0
27/09/2011,4.18,0.5(0.99 %),297060,51.5,52.0,51.0
26/09/2011,4.18,-1(-1.90 %),293270,52.0,52.5,51.5
23/09/2011,4.27,-1(-1.87 %),156500,52.5,53.0,52.0
22/09/2011,4.35,0(0.00 %),242400,53.0,54.0,52.5
21/09/2011,4.35,0.5(0.94 %),521700,53.5,54.0,53.0
20/09/2011,4.31,-1(-1.85 %),539860,54.0,54.5,53.0
19/09/2011,4.39,2.5(4.85 %),330060,51.5,54.0,51.5
16/09/2011,4.18,-1.5(-2.83 %),1394610,53.0,55.5,51.5
15/09/2011,4.31,2.5(4.95 %),1158780,52.5,53.0,52.0
14/09/2011,4.1,-2(-3.81 %),600240,52.0,52.0,50.5
13/09/2011,4.27,-1(-1.87 %),848190,54.5,54.5,52.5
12/09/2011,4.35,-1.5(-2.73 %),255610,54.0,54.5,53.0
09/09/2011,4.47,-1(-1.79 %),305190,56.0,56.0,54.5
08/09/2011,4.55,0.5(0.90 %),173880,56.0,56.5,55.5
07/09/2011,4.51,-0.5(-0.89 %),214520,56.0,56.0,55.0
06/09/2011,4.55,0(0.00 %),189880,56.0,56.0,55.0
05/09/2011,4.55,0(0.00 %),179960,56.5,56.5,55.5
01/09/2011,4.55,0.5(0.90 %),242150,56.0,56.5,55.5
31/08/2011,4.51,-0.5(-0.89 %),516820,56.0,56.0,55.5
30/08/2011,4.55,0.5(0.90 %),284400,56.0,56.0,55.5
29/08/2011,4.51,0.5(0.91 %),113040,56.0,56.0,54.5
26/08/2011,4.47,0.5(0.92 %),140950,55.0,55.0,54.5
25/08/2011,4.43,0(0.00 %),94480,55.5,55.5,54.0
24/08/2011,4.43,0(0.00 %),166310,54.5,55.0,54.0
23/08/2011,4.43,0(0.00 %),170910,54.0,55.0,54.0
22/08/2011,4.43,0.5(0.93 %),161650,54.0,55.0,54.0
19/08/2011,4.39,-1(-1.82 %),65190,55.5,55.5,54.0
18/08/2011,4.47,0.5(0.92 %),81300,56.0,56.0,54.5
17/08/2011,4.43,0.5(0.93 %),127240,54.5,54.5,54.0
16/08/2011,4.39,0(0.00 %),94410,53.5,54.5,53.5
15/08/2011,4.39,0(0.00 %),206230,54.0,54.0,53.0
12/08/2011,4.39,0(0.00 %),154110,54.0,54.0,53.5
11/08/2011,4.39,1.5(2.86 %),316140,52.5,54.0,52.0
10/08/2011,4.27,1(1.94 %),488660,52.0,53.5,52.0
09/08/2011,4.18,-2(-3.74 %),424290,52.0,53.5,51.5
08/08/2011,4.35,-1.5(-2.73 %),358070,53.5,55.0,53.5
05/08/2011,4.47,-0.5(-0.90 %),111610,55.0,55.5,55.0
04/08/2011,4.51,1(1.83 %),126230,54.5,56.5,54.5
03/08/2011,4.43,1(1.87 %),120250,53.0,54.5,53.0
02/08/2011,4.35,-2(-3.60 %),165510,53.5,55.5,53.5
01/08/2011,4.51,-2(-3.48 %),551710,56.5,57.0,55.0
29/07/2011,4.67,0.5(0.88 %),1074930,58.0,58.0,56.5
28/07/2011,4.63,2(3.64 %),537770,56.0,57.0,56.0
27/07/2011,4.47,2.5(4.76 %),425270,53.0,55.0,53.0
26/07/2011,4.27,1(1.94 %),243710,51.5,53.0,51.5
25/07/2011,4.18,0.5(0.98 %),142370,50.5,51.5,50.5
22/07/2011,4.14,0(0.00 %),146550,51.0,51.5,50.5
21/07/2011,4.14,-1(-1.92 %),158820,52.0,52.0,50.5
20/07/2011,4.23,2.2(4.42 %),366650,49.9,52.0,49.9
19/07/2011,4.05,0.4(0.81 %),121960,49.3,49.8,49.3
18/07/2011,4.01,0.1(0.20 %),89710,49.1,49.4,49.1
15/07/2011,4.01,-0.6(-1.20 %),104220,49.5,49.5,49.0
14/07/2011,4.05,-0.1(-0.20 %),135280,50.0,50.0,49.5
13/07/2011,4.06,0.7(1.42 %),289890,50.0,50.0,49.6
12/07/2011,4.01,0.7(1.44 %),292020,48.6,49.4,48.6
11/07/2011,3.95,0.1(0.21 %),146840,48.5,49.3,48.1
08/07/2011,3.94,1.9(4.08 %),174530,46.6,48.9,46.6
07/07/2011,3.79,-0.1(-0.21 %),91950,46.7,47.0,46.5
06/07/2011,3.79,0.8(1.74 %),98560,46.0,46.7,46.0
05/07/2011,3.73,-0.1(-0.22 %),258620,46.0,47.0,45.9
04/07/2011,3.74,-0.6(-1.29 %),338130,46.6,47.0,46.0
01/07/2011,3.79,-1.4(-2.92 %),138900,48.0,48.5,46.6
30/06/2011,3.9,-0.1(-0.21 %),124130,49.0,49.0,47.9
29/06/2011,3.91,-0.9(-1.84 %),154190,48.4,49.0,48.1
28/06/2011,3.98,0.4(0.82 %),83480,48.6,49.0,48.6
27/06/2011,3.95,-0.9(-1.82 %),118410,50.0,50.0,48.6
24/06/2011,4.02,-0.2(-0.40 %),153920,49.7,50.0,49.5
23/06/2011,4.04,-0.8(-1.58 %),114290,50.0,50.5,49.7
22/06/2011,4.1,0.5(1.00 %),154350,50.0,50.5,49.9
21/06/2011,4.06,0.5(1.01 %),109460,49.9,50.5,49.6
20/06/2011,4.02,-0.5(-1.00 %),98350,50.0,50.5,49.5
17/06/2011,4.06,-0.5(-0.99 %),471410,51.0,51.5,50.0
16/06/2011,4.1,0.5(1.00 %),69510,49.5,51.0,49.5
15/06/2011,4.06,0(0.00 %),388950,50.0,50.5,49.9
14/06/2011,4.06,-0.5(-0.99 %),236750,50.0,52.5,50.0
13/06/2011,4.1,0(0.00 %),127810,50.0,50.5,50.0
10/06/2011,4.1,-0.5(-0.98 %),126840,51.0,51.5,50.5
09/06/2011,4.14,0(0.00 %),23780,50.0,51.0,50.0
08/06/2011,4.14,-1(-1.92 %),267390,54.0,54.0,51.0
07/06/2011,4.23,2(4.00 %),283800,49.1,52.0,49.1
06/06/2011,4.06,-0.5(-0.99 %),274460,50.0,50.5,49.6
03/06/2011,4.1,0.7(1.41 %),410090,51.0,51.0,49.7
02/06/2011,4.05,2.3(4.84 %),342390,48.9,49.8,48.7
01/06/2011,3.86,2.2(4.86 %),410760,43.5,47.5,43.5
31/05/2011,3.68,0(0.00 %),122910,45.3,45.3,45.0
30/05/2011,3.68,-0.3(-0.66 %),207990,45.8,45.8,45.3
27/05/2011,3.71,0.1(0.22 %),329390,47.6,47.6,45.3
26/05/2011,3.7,2.1(4.84 %),253150,41.3,45.5,41.3
25/05/2011,3.53,-2.2(-4.82 %),311790,43.5,43.6,43.4
24/05/2011,3.71,-2.4(-5.00 %),245690,46.5,46.6,45.6
23/05/2011,3.9,-2.5(-4.95 %),207850,50.0,50.0,48.0
20/05/2011,4.1,-1(-1.94 %),222500,51.5,51.5,49.8
19/05/2011,4.18,0.5(0.98 %),103090,51.5,52.0,51.0
18/05/2011,4.14,-0.5(-0.97 %),121770,50.0,51.0,50.0
17/05/2011,4.18,0(0.00 %),103050,51.0,52.0,51.0
16/05/2011,4.18,-1(-1.90 %),153430,52.5,53.0,51.5
13/05/2011,4.27,0(0.00 %),206020,52.5,53.0,52.5
12/05/2011,4.27,0(0.00 %),101770,51.5,52.5,51.5
11/05/2011,4.27,-0.5(-0.94 %),296850,52.0,53.0,52.0
10/05/2011,4.31,0(0.00 %),184360,53.0,53.5,53.0
09/05/2011,4.31,1(1.92 %),169860,53.0,53.0,52.0
06/05/2011,4.23,0.5(0.97 %),173370,51.5,53.0,51.5
05/05/2011,4.18,0.5(0.98 %),99170,51.5,51.5,51.0
04/05/2011,4.13,0.5(0.98 %),116010,50.5,52.0,50.5
29/04/2011,4.09,0.5(0.99 %),198900,50.5,52.0,50.5
28/04/2011,4.05,-0.5(-0.98 %),106310,51.0,51.0,50.0
27/04/2011,4.09,0(0.00 %),283140,52.0,52.0,49.9
26/04/2011,4.09,-1(-1.92 %),142470,52.0,52.5,51.0
25/04/2011,4.17,2.1(4.21 %),104440,50.0,52.0,50.0
22/04/2011,4.0,-0.6(-1.19 %),108710,51.5,51.5,49.9
21/04/2011,4.05,0(0.00 %),125940,50.5,51.0,50.0
20/04/2011,4.05,-0.5(-0.98 %),288500,51.5,51.5,50.5
19/04/2011,4.09,-0.5(-0.97 %),121670,50.5,52.0,50.5
18/04/2011,4.13,-1.5(-2.83 %),119010,53.0,53.0,51.5
15/04/2011,4.25,0(0.00 %),268920,53.0,53.5,52.5
14/04/2011,4.25,-2(-3.64 %),143580,53.5,55.0,53.0
13/04/2011,4.41,-2.5(-4.35 %),184160,57.5,57.5,55.0
08/04/2011,4.61,0(0.00 %),215430,57.0,57.5,56.5
07/04/2011,4.61,0.5(0.88 %),1194250,59.5,59.5,57.0
06/04/2011,4.57,2.5(4.59 %),324410,57.0,57.0,57.0
05/04/2011,4.37,2.5(4.81 %),122720,54.5,54.5,54.5
04/04/2011,4.17,2.1(4.21 %),131820,52.0,52.0,52.0
01/04/2011,4.0,-1.1(-2.16 %),122770,51.0,51.0,49.7
31/03/2011,4.09,0(0.00 %),58030,51.0,51.5,50.5
30/03/2011,4.09,-0.5(-0.97 %),196660,51.0,51.5,50.5
29/03/2011,4.13,-0.5(-0.96 %),35290,52.0,52.0,51.5
28/03/2011,4.17,-0.5(-0.95 %),67550,53.0,53.0,51.5
25/03/2011,4.21,-0.5(-0.94 %),99110,52.5,52.5,52.0
24/03/2011,4.25,-0.5(-0.93 %),52750,53.0,53.5,52.5
23/03/2011,4.29,0.5(0.94 %),101550,53.0,53.5,53.0
22/03/2011,4.25,0(0.00 %),214610,53.0,53.5,52.5
21/03/2011,4.25,0(0.00 %),229180,53.5,53.5,53.0
18/03/2011,4.25,1(1.92 %),412110,52.0,53.0,51.5
17/03/2011,4.17,-0.5(-0.95 %),118750,52.5,53.0,52.0
16/03/2011,4.21,0(0.00 %),246180,53.0,53.0,52.0
15/03/2011,4.21,-0.5(-0.94 %),190180,52.5,53.0,52.5
14/03/2011,4.25,-1(-1.85 %),179190,53.0,54.0,53.0
11/03/2011,4.33,-0.5(-0.92 %),288970,55.0,55.0,54.0
10/03/2011,4.37,0.5(0.93 %),301530,53.5,54.5,53.5
09/03/2011,4.33,-1(-1.82 %),176060,55.0,55.0,52.5
08/03/2011,4.41,1(1.85 %),233450,54.0,55.0,54.0
07/03/2011,4.33,0(0.00 %),132760,54.0,54.5,54.0
04/03/2011,4.33,0(0.00 %),260440,55.0,55.0,54.0
03/03/2011,4.33,0(0.00 %),243550,52.5,54.5,52.5
02/03/2011,4.33,-0.5(-0.92 %),428290,54.5,54.5,52.0
01/03/2011,4.37,0.5(0.93 %),223800,54.0,54.5,53.5
28/02/2011,4.33,-1.5(-2.70 %),466550,55.0,56.5,54.0
25/02/2011,4.45,2.5(4.72 %),365920,53.0,55.5,52.5
24/02/2011,4.25,-0.5(-0.93 %),591360,52.0,53.0,51.0
23/02/2011,4.29,-0.5(-0.93 %),379950,53.5,55.5,53.5
22/02/2011,4.33,-1.5(-2.70 %),654500,53.5,55.5,53.0
21/02/2011,4.45,-2.5(-4.31 %),349210,57.0,57.0,55.5
18/02/2011,4.65,-3(-4.92 %),674860,60.0,61.0,58.0
17/02/2011,4.89,0(0.00 %),182910,61.0,61.0,60.0
16/02/2011,4.89,-0.5(-0.81 %),179170,61.5,62.0,61.0
15/02/2011,4.93,0(0.00 %),266520,61.0,61.5,61.0
14/02/2011,4.93,-0.5(-0.81 %),290810,63.0,63.0,61.0
11/02/2011,4.97,-0.5(-0.80 %),576950,62.5,62.5,61.5
10/02/2011,5.01,-0.5(-0.79 %),393200,63.0,63.5,62.5
09/02/2011,5.05,-0.5(-0.79 %),211100,65.0,65.0,63.0
08/02/2011,5.09,0.5(0.79 %),480160,63.5,66.0,63.5
28/01/2011,5.05,-2(-3.08 %),408070,65.5,65.5,63.0
27/01/2011,5.21,3(4.84 %),386830,61.5,65.0,61.5
26/01/2011,4.97,-0.5(-0.80 %),348000,62.0,62.5,61.5
25/01/2011,5.01,-0.5(-0.79 %),437760,62.5,63.5,62.5
24/01/2011,5.05,-1(-1.56 %),370470,64.0,64.0,63.0
21/01/2011,5.13,0.5(0.79 %),285390,65.0,65.0,64.0
20/01/2011,5.09,-1(-1.55 %),140760,64.0,64.5,63.5
19/01/2011,5.17,-0.5(-0.77 %),244690,66.0,66.0,64.5
18/01/2011,5.21,0(0.00 %),346590,65.0,66.0,64.5
17/01/2011,5.21,1.5(2.36 %),590470,66.5,66.5,65.0
14/01/2011,5.09,3(4.96 %),185040,62.5,63.5,62.5
13/01/2011,4.85,-0.5(-0.82 %),207110,60.5,61.5,60.5
12/01/2011,4.89,-1.5(-2.40 %),365320,63.0,63.0,61.0
11/01/2011,5.01,0(0.00 %),248270,62.5,63.0,61.5
10/01/2011,5.01,0.5(0.81 %),389750,62.0,63.5,62.0
07/01/2011,4.97,-0.5(-0.80 %),482230,62.0,62.5,62.0
06/01/2011,5.01,0(0.00 %),133570,62.0,63.0,62.0
05/01/2011,5.01,-1(-1.57 %),319330,64.0,64.0,62.0
04/01/2011,5.09,-1(-1.55 %),253340,65.0,65.0,63.5
31/12/2010,5.17,1(1.57 %),291090,63.5,64.5,63.5
30/12/2010,5.09,-1(-1.55 %),536960,63.5,64.5,63.5
29/12/2010,5.17,-0.5(-0.77 %),326940,65.0,65.0,63.5
28/12/2010,5.21,0.5(0.78 %),285250,65.0,65.0,64.0
27/12/2010,5.17,0(0.00 %),256120,65.0,65.0,64.0
24/12/2010,5.17,-0.5(-0.77 %),231970,65.0,65.5,64.0
23/12/2010,5.21,0.5(0.78 %),347800,64.0,65.0,64.0
22/12/2010,5.17,-0.5(-0.77 %),251060,65.0,65.5,64.5
21/12/2010,5.21,-1(-1.52 %),487160,65.0,66.0,64.5
20/12/2010,5.29,0(0.00 %),412040,66.0,67.0,64.5
17/12/2010,5.29,0.5(0.76 %),416970,66.0,66.5,65.5
16/12/2010,5.25,-2(-2.96 %),453340,66.5,67.5,65.5
15/12/2010,5.41,-1.5(-2.17 %),429720,68.5,69.0,67.5
14/12/2010,5.53,-0.5(-0.72 %),383570,69.5,69.5,68.0
13/12/2010,5.57,1(1.46 %),383130,68.5,70.0,68.5
10/12/2010,5.49,0.5(0.74 %),419620,68.5,68.5,67.5
09/12/2010,5.45,1(1.49 %),161060,67.5,68.5,67.0
08/12/2010,5.37,-0.5(-0.74 %),144930,68.0,68.0,67.0
07/12/2010,5.41,-1(-1.46 %),341380,68.0,68.5,67.5
06/12/2010,5.49,-0.5(-0.72 %),617980,69.0,69.0,67.5
03/12/2010,5.53,0(0.00 %),229420,70.5,70.5,69.0
02/12/2010,5.53,0.5(0.73 %),177920,69.5,70.0,68.5
01/12/2010,5.49,-1.5(-2.14 %),691780,70.5,70.5,68.5
30/11/2010,5.61,-0.5(-0.71 %),243360,73.5,73.5,70.0
29/11/2010,5.65,2(2.92 %),162860,69.0,70.5,69.0
26/11/2010,5.49,-1.5(-2.14 %),123150,70.5,70.5,68.5
25/11/2010,5.61,-1(-1.41 %),75870,70.5,71.0,70.0
24/11/2010,5.69,1(1.43 %),95090,70.0,71.0,69.0
23/11/2010,5.61,1(1.45 %),165780,69.0,70.5,69.0
22/11/2010,5.53,1(1.47 %),153690,66.5,69.0,66.5
19/11/2010,5.45,-1(-1.45 %),282930,70.5,70.5,68.0
18/11/2010,5.53,0.5(0.73 %),177040,70.0,70.0,68.5
17/11/2010,5.49,-1(-1.44 %),331060,70.0,70.5,68.5
16/11/2010,5.57,-0.5(-0.71 %),274720,70.0,70.0,69.0
15/11/2010,5.61,-2(-2.78 %),198760,71.0,72.0,69.5
12/11/2010,5.77,-0.5(-0.69 %),263630,72.0,72.0,70.5
11/11/2010,5.81,-1.5(-2.03 %),72750,72.5,74.0,72.5
10/11/2010,5.93,1(1.37 %),251370,73.5,74.0,73.0
09/11/2010,5.85,0.5(0.69 %),320870,74.0,74.0,72.5
08/11/2010,5.81,-3.5(-4.61 %),248250,76.0,76.0,72.5
05/11/2010,6.09,2.5(3.40 %),519640,74.0,76.0,73.0
04/11/2010,5.89,0.5(0.68 %),48220,72.5,73.5,72.5
03/11/2010,5.85,0(0.00 %),123750,74.0,74.0,72.0
02/11/2010,5.85,-1.5(-2.01 %),126370,74.0,74.5,73.0
01/11/2010,5.97,-2(-2.61 %),252080,76.5,76.5,74.0
29/10/2010,6.13,3(4.08 %),767340,74.0,77.0,74.0
28/10/2010,5.89,1(1.38 %),487350,72.0,73.5,72.0
27/10/2010,5.81,1(1.40 %),563730,72.0,73.5,72.0
26/10/2010,5.73,2(2.88 %),360540,69.5,72.0,69.5
25/10/2010,5.57,0(0.00 %),292180,69.5,70.0,68.5
22/10/2010,5.57,0(0.00 %),155560,69.5,69.5,69.0
21/10/2010,5.57,-1(-1.42 %),211180,70.0,70.5,69.5
20/10/2010,5.65,-1(-1.40 %),176310,71.5,71.5,70.0
19/10/2010,5.73,0(0.00 %),257230,72.0,72.0,71.5
18/10/2010,5.73,0(0.00 %),136180,72.0,72.0,71.5
15/10/2010,5.73,-1.5(-2.05 %),345600,72.0,72.5,71.0
14/10/2010,5.85,0.5(0.69 %),191890,72.5,73.0,72.0
13/10/2010,5.81,1(1.40 %),299390,71.5,72.5,71.0
12/10/2010,5.73,-0.5(-0.69 %),97840,71.5,72.0,71.0
11/10/2010,5.77,-1(-1.37 %),120700,71.5,72.5,71.5
08/10/2010,5.85,-0.5(-0.68 %),209350,73.5,73.5,73.0
07/10/2010,5.89,1(1.38 %),449790,71.0,74.0,71.0
06/10/2010,5.81,0.5(0.69 %),243910,72.0,72.5,71.5
05/10/2010,5.77,1(1.41 %),307630,70.0,72.0,70.0
04/10/2010,5.69,0(0.00 %),231740,71.0,71.0,70.0
01/10/2010,5.69,0(0.00 %),186980,72.0,72.0,70.5
30/09/2010,5.69,0.5(0.71 %),271620,71.0,71.5,71.0
29/09/2010,5.65,-0.5(-0.70 %),223820,71.0,71.0,70.0
28/09/2010,5.69,1(1.43 %),193510,70.5,71.0,70.0
27/09/2010,5.61,-0.5(-0.71 %),133920,71.0,71.0,70.0
24/09/2010,5.65,-1(-1.40 %),212270,70.5,71.5,70.0
23/09/2010,5.73,0(0.00 %),273630,71.0,72.0,70.5
22/09/2010,5.73,-0.5(-0.69 %),220980,71.0,72.0,71.0
21/09/2010,5.77,-1(-1.37 %),190750,73.5,73.5,72.0
20/09/2010,5.85,-0.5(-0.68 %),70030,72.5,73.5,72.0
17/09/2010,5.89,1.5(2.08 %),168110,72.0,73.5,72.0
16/09/2010,5.77,-1(-1.37 %),107460,73.0,73.5,72.0
15/09/2010,5.85,0(0.00 %),102130,73.5,73.5,72.0
14/09/2010,5.85,0(0.00 %),44550,73.0,73.5,72.0
13/09/2010,5.85,0.5(0.69 %),88930,74.5,74.5,72.0
10/09/2010,5.81,-1(-1.36 %),146040,73.5,74.0,72.5
09/09/2010,5.89,1(1.38 %),107640,73.5,73.5,73.0
08/09/2010,5.81,-0.5(-0.68 %),174600,72.0,73.0,72.0
07/09/2010,5.85,-1(-1.35 %),286140,74.0,74.0,73.0
06/09/2010,5.93,-0.5(-0.67 %),471980,75.5,77.5,74.0
01/09/2010,5.97,-0.5(-0.67 %),350890,74.0,74.5,71.5
31/08/2010,6.01,3(4.17 %),590670,72.0,75.0,72.0
30/08/2010,5.77,2(2.86 %),192440,72.0,73.5,71.5
27/08/2010,5.61,0(0.00 %),92270,69.0,70.5,69.0
26/08/2010,5.61,0.5(0.72 %),210480,68.5,71.0,68.5
25/08/2010,5.57,-0.5(-0.71 %),260880,70.5,70.5,67.5
24/08/2010,5.61,-3(-4.11 %),244030,72.0,72.0,70.0
23/08/2010,5.85,-2(-2.67 %),106720,74.0,74.0,73.0
20/08/2010,6.01,3(4.17 %),142640,72.0,75.0,70.5
19/08/2010,5.77,-0.5(-0.69 %),100200,71.5,72.5,71.5
18/08/2010,5.81,-2.5(-3.33 %),61810,74.0,74.0,72.5
17/08/2010,6.01,1.5(2.04 %),146050,74.5,75.0,73.0
16/08/2010,5.89,2.5(3.52 %),130520,71.0,73.5,70.5
13/08/2010,5.69,0(0.00 %),173160,70.0,71.5,69.5
12/08/2010,5.69,-3(-4.05 %),208310,73.5,73.5,71.0
11/08/2010,5.93,1(1.37 %),33000,75.0,75.0,74.0
10/08/2010,4.45,-1(-1.33 %),309210,74.5,74.5,73.0
09/08/2010,4.51,-2(-2.60 %),240080,76.0,76.0,74.5
06/08/2010,4.63,-2(-2.53 %),277060,78.0,78.0,76.0
05/08/2010,4.75,3.5(4.64 %),303250,78.0,79.0,77.0
04/08/2010,4.54,-2.5(-3.21 %),276520,77.0,78.0,75.0
03/08/2010,4.69,1.5(1.96 %),431310,78.0,80.0,77.5
02/08/2010,4.6,-0.5(-0.65 %),198490,75.5,77.0,75.5
30/07/2010,4.63,2.5(3.36 %),722770,76.0,78.0,75.0
29/07/2010,4.48,3.5(4.93 %),504800,71.0,74.5,71.0
28/07/2010,4.27,-1.5(-2.07 %),164670,71.0,72.5,70.5
27/07/2010,4.36,3(4.32 %),943920,71.0,72.5,70.5
26/07/2010,4.18,-1(-1.42 %),79350,70.5,70.5,69.5
23/07/2010,4.24,0.5(0.71 %),180270,70.5,70.5,70.0
22/07/2010,4.21,0.5(0.72 %),398000,70.0,70.5,69.5
21/07/2010,4.18,-0.5(-0.71 %),131970,69.5,69.5,69.0
20/07/2010,4.21,0(0.00 %),125270,70.0,70.0,69.0
19/07/2010,4.21,0.5(0.72 %),116500,69.5,70.0,69.0
16/07/2010,4.18,0(0.00 %),56830,69.5,69.5,69.0
15/07/2010,4.18,1(1.46 %),155780,68.0,69.5,68.0
14/07/2010,4.12,-1(-1.44 %),78990,69.5,69.5,68.5
13/07/2010,4.18,1(1.46 %),480870,70.0,70.0,69.0
12/07/2010,4.12,-0.5(-0.72 %),70640,67.5,68.5,67.5
09/07/2010,4.15,-0.5(-0.72 %),43130,69.5,69.5,68.5
08/07/2010,4.18,2(2.96 %),170440,68.5,70.0,68.5
07/07/2010,4.06,-0.5(-0.74 %),118100,69.0,69.0,67.5
06/07/2010,4.09,-0.5(-0.73 %),256550,69.0,69.0,67.5
05/07/2010,4.12,0.5(0.74 %),165700,69.0,69.0,68.0
02/07/2010,4.09,-2(-2.86 %),133410,69.0,69.0,67.5
01/07/2010,4.21,1(1.45 %),276410,68.0,70.0,68.0
30/06/2010,4.15,-0.5(-0.72 %),104470,69.5,69.5,67.5
29/06/2010,4.18,1.5(2.21 %),481940,69.0,70.0,68.5
28/06/2010,4.09,-0.5(-0.73 %),53210,68.0,68.5,68.0
25/06/2010,4.12,-1(-1.44 %),113780,68.5,69.5,68.0
24/06/2010,4.18,2(2.96 %),315930,67.5,70.5,67.5
23/06/2010,4.06,-2.5(-3.57 %),85850,69.0,69.5,67.5
22/06/2010,4.21,1(1.45 %),272670,69.0,70.0,68.5
21/06/2010,4.15,1.5(2.22 %),190170,69.0,69.0,68.0
18/06/2010,4.06,-1(-1.46 %),192690,69.0,69.0,67.5
17/06/2010,4.12,1(1.48 %),284160,68.0,68.5,67.5
16/06/2010,4.06,1(1.50 %),92920,67.5,67.5,66.5
15/06/2010,4.0,-2(-2.92 %),133940,67.0,67.5,66.5
14/06/2010,4.12,1.5(2.24 %),222930,68.0,68.5,68.0
11/06/2010,4.03,0.5(0.75 %),137070,67.5,67.5,66.5
10/06/2010,4.0,0.5(0.76 %),166990,66.0,67.0,66.0
09/06/2010,3.97,1(1.54 %),141270,66.0,66.5,65.5
08/06/2010,3.91,0.5(0.78 %),201830,64.5,65.0,64.5
07/06/2010,3.88,-2.5(-3.73 %),242030,66.0,66.0,64.5
04/06/2010,4.03,0.5(0.75 %),201460,67.0,67.5,67.0
03/06/2010,4.0,0.5(0.76 %),337580,66.0,67.0,66.0
02/06/2010,3.97,0(0.00 %),292360,65.5,66.5,65.5
01/06/2010,3.97,1(1.54 %),208590,65.0,66.0,64.5
31/05/2010,3.91,-1(-1.52 %),196760,66.0,66.0,65.0
28/05/2010,3.97,0.5(0.76 %),475090,67.0,67.0,65.5
27/05/2010,3.94,1(1.55 %),750690,64.5,65.5,64.0
26/05/2010,3.88,0(0.00 %),250910,66.0,66.0,64.0
25/05/2010,3.88,3(4.88 %),247320,63.0,64.5,62.5
24/05/2010,3.7,2.5(4.24 %),151520,60.5,61.5,60.0
21/05/2010,3.55,-2.5(-4.07 %),272680,59.5,61.0,59.0
20/05/2010,3.7,2(3.36 %),89050,58.0,61.5,58.0
19/05/2010,3.58,-1.5(-2.46 %),281930,59.0,60.0,59.0
18/05/2010,3.67,0(0.00 %),281790,60.5,61.5,60.0
17/05/2010,3.67,-2.5(-3.94 %),136050,63.5,63.5,61.0
14/05/2010,3.82,0(0.00 %),43580,63.5,64.5,63.5
13/05/2010,3.82,1(1.60 %),91730,64.0,64.0,62.0
12/05/2010,3.76,-1.5(-2.34 %),93610,64.0,64.5,62.5
11/05/2010,3.85,0(0.00 %),155980,66.5,67.0,64.0
10/05/2010,5.03,-1(-1.16 %),335850,86.5,86.5,84.0
07/05/2010,5.09,-1(-1.14 %),210840,86.5,87.0,85.5
06/05/2010,5.15,-1.5(-1.69 %),299590,88.0,89.0,87.5
05/05/2010,5.24,0.5(0.56 %),308760,88.5,89.0,88.0
04/05/2010,5.21,0.5(0.57 %),101940,90.5,90.5,88.5
29/04/2010,5.18,-0.5(-0.56 %),461540,89.0,89.0,88.0
28/04/2010,5.21,0(0.00 %),156830,88.0,88.5,87.5
27/04/2010,5.21,0(0.00 %),336330,88.5,89.5,88.5
26/04/2010,5.21,0.5(0.57 %),267720,88.0,89.0,88.0
22/04/2010,5.18,2(2.33 %),266820,86.0,88.0,86.0
21/04/2010,5.06,0(0.00 %),154300,86.0,86.5,85.5
20/04/2010,5.06,0(0.00 %),123340,84.5,86.0,84.5
19/04/2010,5.06,-1(-1.15 %),254050,87.0,87.0,86.0
16/04/2010,5.12,-0.5(-0.57 %),100290,88.0,88.0,87.0
15/04/2010,5.15,0(0.00 %),204750,88.0,88.0,87.0
14/04/2010,5.15,0.5(0.57 %),134900,87.0,87.5,86.5
13/04/2010,5.12,0(0.00 %),264770,87.0,87.5,86.5
12/04/2010,5.12,1(1.16 %),189040,87.0,87.0,86.5
09/04/2010,5.06,0(0.00 %),108170,86.0,86.5,86.0
08/04/2010,5.06,-0.5(-0.58 %),136320,86.0,87.0,86.0
07/04/2010,5.09,0.5(0.58 %),151090,86.0,86.5,86.0
06/04/2010,5.06,0(0.00 %),284520,86.0,87.0,86.0
05/04/2010,5.06,0(0.00 %),166840,86.5,86.5,86.0
02/04/2010,5.06,1(1.18 %),306570,86.0,86.5,85.0
01/04/2010,5.0,1.5(1.80 %),286770,84.0,85.0,84.0
31/03/2010,4.92,0(0.00 %),179890,84.0,84.0,83.5
30/03/2010,4.92,-1(-1.18 %),214750,84.5,84.5,82.5
29/03/2010,4.97,1.5(1.81 %),89620,84.0,85.0,83.5
26/03/2010,4.89,-0.5(-0.60 %),152570,83.5,83.5,82.0
25/03/2010,4.92,-1.5(-1.76 %),246000,85.0,85.0,83.0
24/03/2010,5.0,2(2.41 %),242280,84.5,85.5,84.0
23/03/2010,4.89,-1(-1.19 %),128330,84.0,85.0,82.5
22/03/2010,4.94,-2(-2.33 %),143010,85.5,85.5,84.0
19/03/2010,5.06,-0.5(-0.58 %),194090,87.0,87.0,85.5
18/03/2010,5.09,2(2.37 %),95600,84.5,86.5,84.5
17/03/2010,4.97,0.5(0.60 %),342500,85.5,86.0,84.0
16/03/2010,4.94,-4(-4.55 %),642300,86.0,86.5,84.0
15/03/2010,5.18,-1(-1.12 %),238400,89.0,89.0,87.0
12/03/2010,5.24,0(0.00 %),337200,89.5,89.5,88.0
11/03/2010,5.24,1(1.14 %),241410,89.5,90.0,88.0
10/03/2010,5.18,4(4.76 %),1193070,85.5,88.0,84.5
09/03/2010,4.94,1.5(1.82 %),444180,83.0,84.0,83.0
08/03/2010,4.86,0.5(0.61 %),291290,82.0,83.0,82.0
05/03/2010,4.83,-0.5(-0.61 %),276710,82.5,83.0,82.0
04/03/2010,4.86,1.5(1.85 %),309130,82.0,82.5,81.0
03/03/2010,4.77,1(1.25 %),208570,81.0,81.0,80.5
02/03/2010,4.71,0(0.00 %),194250,80.0,80.0,79.5
01/03/2010,4.71,2(2.56 %),69350,80.5,80.5,80.0
26/02/2010,4.59,-2.5(-3.11 %),685260,80.0,80.0,78.0
25/02/2010,4.74,0(0.00 %),268610,80.5,81.5,79.5
24/02/2010,4.74,0(0.00 %),187720,80.0,81.0,80.0
23/02/2010,4.74,-3(-3.59 %),129220,81.5,82.0,80.0
22/02/2010,4.92,-0.5(-0.60 %),156270,84.5,84.5,83.0
12/02/2010,4.94,0.5(0.60 %),269440,85.0,85.0,83.5
11/02/2010,4.92,1.5(1.83 %),142740,83.0,83.5,82.0
10/02/2010,4.83,2.5(3.14 %),68750,81.5,82.0,81.5
09/02/2010,4.68,-3.5(-4.22 %),202980,81.5,83.0,79.5
08/02/2010,4.89,2(2.47 %),165000,80.5,83.0,80.5
05/02/2010,4.77,-3.5(-4.14 %),252750,83.5,84.0,80.5
04/02/2010,4.97,0(0.00 %),417620,84.0,85.0,83.5
03/02/2010,4.97,3.5(4.32 %),688030,83.5,84.5,82.0
02/02/2010,4.77,3(3.85 %),401340,80.0,81.0,79.5
01/02/2010,4.59,1(1.30 %),122980,76.5,79.0,76.5
29/01/2010,4.53,-1(-1.28 %),100130,77.5,78.0,77.0
28/01/2010,4.59,0(0.00 %),37340,77.0,78.5,77.0
27/01/2010,4.59,-3(-3.70 %),125540,81.0,81.0,78.0
26/01/2010,4.77,2.5(3.18 %),126830,80.0,81.0,78.5
25/01/2010,4.62,0.5(0.64 %),44160,78.0,78.5,78.0
22/01/2010,4.59,0(0.00 %),132330,78.0,78.5,76.5
21/01/2010,4.59,-1(-1.27 %),226540,78.0,79.0,77.5
20/01/2010,4.65,1.5(1.94 %),344660,79.5,80.0,77.5
19/01/2010,4.56,1.5(1.97 %),125670,78.0,78.5,76.5
18/01/2010,4.47,-1.5(-1.94 %),142680,77.0,77.0,76.0
15/01/2010,4.56,-1.5(-1.90 %),81780,79.0,79.0,77.5
14/01/2010,4.65,0.5(0.64 %),124220,80.0,80.0,78.0
13/01/2010,4.62,2.5(3.29 %),146230,76.0,78.5,75.0
12/01/2010,4.47,-1.5(-1.94 %),226250,77.0,78.0,76.0
11/01/2010,4.56,-0.5(-0.64 %),126590,79.5,79.5,76.5
08/01/2010,4.59,-2.5(-3.11 %),161560,82.0,82.0,78.0
07/01/2010,4.74,-0.5(-0.62 %),102720,81.0,81.5,80.0
06/01/2010,4.77,-1.5(-1.82 %),94870,82.5,83.5,79.5
05/01/2010,4.86,0(0.00 %),200040,85.5,85.5,82.5
04/01/2010,4.86,3.5(4.43 %),235620,81.0,82.5,79.0
31/12/2009,4.65,1(1.28 %),202760,79.0,79.5,78.0
30/12/2009,4.59,1(1.30 %),102710,77.5,78.5,77.0
29/12/2009,4.53,-2(-2.53 %),178940,79.0,79.0,76.5
28/12/2009,4.65,-2(-2.47 %),285790,81.0,81.5,79.0
25/12/2009,4.77,2(2.53 %),148480,80.0,81.5,80.0
24/12/2009,4.65,2(2.60 %),298960,78.0,79.0,76.5
23/12/2009,4.53,3.5(4.76 %),338470,76.5,77.0,75.0
22/12/2009,4.33,3.5(5.00 %),177150,73.5,73.5,73.5
21/12/2009,4.12,3(4.48 %),60410,70.0,70.0,70.0
18/12/2009,3.94,-3(-4.29 %),533620,70.0,73.5,67.0
17/12/2009,4.12,-2(-2.78 %),239330,69.0,71.0,69.0
16/12/2009,4.24,-2.5(-3.36 %),250450,74.5,74.5,72.0
15/12/2009,4.39,0.5(0.68 %),143720,73.5,75.0,73.5
14/12/2009,4.36,3.5(4.96 %),158620,72.0,74.0,72.0
11/12/2009,4.18,-1(-1.37 %),230670,70.5,73.0,70.5
10/12/2009,4.24,-0.5(-0.68 %),395690,74.5,74.5,73.0
09/12/2009,4.26,-3(-3.92 %),314220,74.0,74.5,73.0
08/12/2009,4.44,-1(-1.29 %),101630,76.5,77.5,76.0
07/12/2009,4.5,1.5(1.97 %),116970,75.0,77.5,75.0
04/12/2009,4.41,0(0.00 %),224910,78.0,78.0,75.5
03/12/2009,4.41,-2(-2.56 %),527820,76.0,78.5,76.0
02/12/2009,4.53,-1.5(-1.89 %),209760,77.5,80.0,77.0
01/12/2009,4.61,0(0.00 %),188270,80.0,81.5,79.5
30/11/2009,4.61,3.5(4.61 %),294120,78.0,79.5,76.0
27/11/2009,4.41,3.5(4.83 %),381500,69.0,76.0,69.0
26/11/2009,4.21,-3.5(-4.61 %),360310,72.5,76.0,72.5
25/11/2009,4.41,-4(-5.00 %),500720,79.0,80.0,76.0
24/11/2009,4.64,-2(-2.44 %),263770,81.0,82.0,80.0
23/11/2009,4.76,-2(-2.38 %),240750,84.0,84.0,80.5
20/11/2009,4.87,0(0.00 %),108760,83.5,84.0,82.5
19/11/2009,4.87,1(1.20 %),136230,83.0,84.0,83.0
18/11/2009,4.82,0.5(0.61 %),227080,83.0,83.5,82.5
17/11/2009,4.79,0.5(0.61 %),199100,83.0,83.0,81.5
16/11/2009,4.76,-2(-2.38 %),400690,83.0,84.5,82.0
13/11/2009,4.87,0(0.00 %),142040,82.5,84.0,82.5
12/11/2009,4.87,2(2.44 %),292170,82.5,84.5,82.0
11/11/2009,4.76,2(2.50 %),197380,81.0,82.0,80.0
10/11/2009,4.64,-1.5(-1.84 %),309780,82.5,82.5,80.0
09/11/2009,4.73,-0.5(-0.61 %),204280,82.0,83.0,81.5
06/11/2009,4.76,-2.5(-2.96 %),125400,86.0,86.0,82.0
05/11/2009,4.9,2.5(3.05 %),138140,83.5,84.5,83.0
04/11/2009,4.76,1(1.23 %),323670,81.0,83.0,80.5
03/11/2009,4.7,-1(-1.22 %),159800,84.0,84.0,80.5
02/11/2009,4.76,-4(-4.65 %),612130,82.5,83.5,82.0
30/10/2009,4.99,1(1.18 %),223510,86.0,87.0,82.5
29/10/2009,4.93,-2.5(-2.86 %),327940,85.5,87.0,84.0
28/10/2009,5.08,-0.5(-0.57 %),149230,89.0,89.0,87.0
27/10/2009,5.11,-1(-1.12 %),400590,89.0,89.0,87.0
26/10/2009,5.16,-0.5(-0.56 %),505350,89.0,90.0,88.5
23/10/2009,5.19,-1(-1.10 %),408920,92.0,92.0,89.5
22/10/2009,5.25,1.5(1.69 %),376810,89.0,91.0,88.5
21/10/2009,5.16,-1.5(-1.66 %),316080,90.5,90.5,89.0
20/10/2009,5.25,1.5(1.69 %),346720,92.0,92.0,90.0
19/10/2009,5.16,-2.5(-2.73 %),398520,92.0,92.0,89.0
16/10/2009,5.31,-1.5(-1.61 %),575620,93.0,94.0,91.5
15/10/2009,5.4,4(4.49 %),1027360,93.0,93.0,90.0
14/10/2009,5.16,1.5(1.71 %),477770,87.0,89.0,87.0
13/10/2009,5.08,0(0.00 %),466710,87.5,88.0,87.0
12/10/2009,5.08,1(1.16 %),592020,87.5,88.5,87.0
09/10/2009,5.02,0(0.00 %),562390,87.0,87.5,86.0
08/10/2009,5.02,0(0.00 %),246850,87.0,87.0,85.5
07/10/2009,5.02,3.5(4.22 %),336950,85.0,87.0,84.5
06/10/2009,4.82,0.5(0.61 %),339770,84.0,85.0,82.5
05/10/2009,4.79,0(0.00 %),774310,83.0,84.0,81.5
02/10/2009,4.79,-2.5(-2.94 %),686700,81.5,83.5,81.0
01/10/2009,4.93,-1.5(-1.73 %),620340,86.5,86.5,85.0
30/09/2009,5.02,0(0.00 %),905310,86.5,87.5,86.0
29/09/2009,5.02,-0.5(-0.57 %),894270,87.5,87.5,86.0
28/09/2009,5.05,0(0.00 %),889040,87.0,88.0,86.5
25/09/2009,5.05,0(0.00 %),643170,87.0,87.5,86.5
24/09/2009,5.05,-1(-1.14 %),422860,88.0,88.0,86.5
23/09/2009,5.11,-1(-1.12 %),831800,89.5,90.0,88.0
22/09/2009,5.16,-1(-1.11 %),460640,88.0,91.5,88.0
21/09/2009,5.22,0(0.00 %),314940,91.0,91.5,90.0
18/09/2009,5.22,0(0.00 %),607370,88.0,90.0,88.0
17/09/2009,5.22,3(3.45 %),973080,88.0,90.5,86.0
16/09/2009,5.05,-3(-3.33 %),931000,90.0,90.0,86.5
15/09/2009,5.22,2(2.27 %),745520,92.0,92.0,88.5
14/09/2009,5.11,4(4.76 %),1027940,87.0,88.0,86.5
11/09/2009,4.87,-0.5(-0.59 %),451540,84.5,85.0,84.0
10/09/2009,4.9,0.5(0.60 %),333480,81.0,84.5,81.0
09/09/2009,4.87,1(1.20 %),361920,84.5,84.5,82.0
08/09/2009,4.82,1(1.22 %),269040,83.0,83.5,82.0
07/09/2009,4.76,-2(-2.38 %),594460,81.5,82.0,80.0
04/09/2009,4.87,-1.5(-1.75 %),669090,86.0,86.0,84.0
03/09/2009,4.96,-2(-2.29 %),616240,86.0,87.0,85.0
01/09/2009,5.08,-1.5(-1.69 %),411450,87.5,88.5,87.0
31/08/2009,5.16,2(2.30 %),380650,88.0,89.0,88.0
28/08/2009,5.05,1(1.16 %),418120,86.0,87.0,85.0
27/08/2009,4.99,0(0.00 %),877910,85.5,86.0,83.5
26/08/2009,4.99,-1(-1.15 %),495630,86.5,87.0,85.0
25/08/2009,5.05,0.5(0.58 %),575740,87.5,90.0,87.0
24/08/2009,5.02,4(4.85 %),857000,83.0,86.5,83.0
21/08/2009,4.79,2(2.48 %),499440,81.5,84.0,81.0
20/08/2009,4.67,0.5(0.62 %),220510,81.0,81.0,80.0
19/08/2009,4.64,1(1.27 %),350280,79.5,80.0,79.5
18/08/2009,4.58,-0.5(-0.63 %),293950,78.0,79.5,78.0
17/08/2009,4.61,-0.5(-0.62 %),359380,80.0,80.5,79.5
14/08/2009,4.64,-0.5(-0.62 %),223410,79.0,80.5,79.0
13/08/2009,4.67,0.5(0.62 %),354750,81.0,81.0,80.0
12/08/2009,4.64,0.5(0.63 %),352250,79.5,80.5,79.5
11/08/2009,4.61,0(0.00 %),169070,79.0,80.0,79.0
10/08/2009,4.61,1.5(1.92 %),354770,78.0,80.0,78.0
07/08/2009,4.53,0(0.00 %),139270,78.0,78.5,77.5
06/08/2009,4.53,0.5(0.65 %),356890,77.5,78.5,77.5
05/08/2009,4.5,0(0.00 %),219010,77.0,77.5,77.0
04/08/2009,4.5,1(1.31 %),313400,78.0,78.0,77.0
03/08/2009,4.44,0(0.00 %),192740,75.5,77.0,75.5
31/07/2009,4.44,1.5(2.00 %),333390,76.5,77.0,76.0
30/07/2009,4.35,0(0.00 %),192600,75.0,75.0,74.0
29/07/2009,4.35,0(0.00 %),147070,76.0,76.0,75.0
28/07/2009,4.35,-2(-2.60 %),379050,75.5,77.0,75.0
27/07/2009,4.47,0.5(0.65 %),470390,79.0,79.0,76.0
24/07/2009,4.44,3.5(4.79 %),421560,76.5,76.5,76.0
23/07/2009,4.24,1(1.39 %),214440,72.0,73.0,72.0
22/07/2009,4.18,0(0.00 %),342760,73.0,73.0,71.5
21/07/2009,4.18,1.5(2.13 %),530220,71.5,72.0,70.0
20/07/2009,4.09,-1.5(-2.08 %),302290,71.5,71.5,70.5
17/07/2009,4.18,0(0.00 %),294310,72.0,73.0,71.5
16/07/2009,4.18,0.5(0.70 %),229170,74.0,74.0,72.0
15/07/2009,4.15,1.5(2.14 %),143930,71.0,72.0,71.0
14/07/2009,4.06,-1(-1.41 %),295060,70.5,71.0,70.0
13/07/2009,4.12,0(0.00 %),336190,71.0,71.0,70.0
10/07/2009,4.12,0(0.00 %),359970,70.5,71.0,70.0
09/07/2009,4.12,-1(-1.39 %),216460,71.0,72.5,71.0
08/07/2009,4.18,-0.5(-0.69 %),226360,71.5,72.0,70.5
07/07/2009,4.21,-1(-1.36 %),447350,73.0,73.5,72.0
06/07/2009,4.26,3(4.26 %),368720,71.0,74.0,70.5
03/07/2009,4.09,1(1.44 %),342180,67.5,70.5,67.5
02/07/2009,4.03,2.5(3.73 %),290660,68.0,70.0,67.0
01/07/2009,3.89,-3(-4.29 %),659490,67.0,68.0,66.5
30/06/2009,4.06,-3(-4.11 %),876180,72.5,73.0,69.5
29/06/2009,4.24,-0.5(-0.68 %),531410,73.0,73.5,72.5
26/06/2009,4.26,1.5(2.08 %),549500,72.0,74.0,72.0
25/06/2009,4.18,0.5(0.70 %),1056790,75.0,75.0,71.5
24/06/2009,4.15,3(4.38 %),234300,71.5,71.5,71.5
23/06/2009,3.97,-3(-4.20 %),1071590,68.0,69.0,68.0
22/06/2009,4.15,-3.5(-4.67 %),693990,72.0,72.5,71.5
19/06/2009,4.35,3.5(4.90 %),1487800,75.0,75.0,73.5
18/06/2009,4.15,3(4.38 %),157690,71.5,71.5,71.5
17/06/2009,3.97,3(4.58 %),947180,65.5,68.5,65.5
16/06/2009,3.8,-2.5(-3.68 %),1319490,65.0,66.5,65.0
15/06/2009,3.95,-2.5(-3.55 %),978250,68.0,70.0,67.0
12/06/2009,4.09,-3(-4.08 %),1008960,74.5,74.5,70.5
11/06/2009,4.26,0(0.00 %),1109720,73.5,75.0,73.0
10/06/2009,4.26,-3.5(-4.55 %),1249380,74.0,74.5,73.5
09/06/2009,4.47,-0.5(-0.65 %),758270,76.0,78.5,76.0
08/06/2009,4.5,3.5(4.73 %),319760,77.5,77.5,77.5
05/06/2009,4.29,3.5(4.96 %),769620,74.0,74.0,73.0
04/06/2009,4.09,0.5(0.71 %),642540,70.0,71.5,69.0
03/06/2009,2.66,0(0.00 %),626920,70.0,71.0,69.5
02/06/2009,2.66,1.5(2.19 %),1099910,71.5,71.5,70.0
01/06/2009,2.6,2.5(3.79 %),784740,66.5,68.5,66.5
29/05/2009,2.51,0(0.00 %),562790,66.5,66.5,64.5
28/05/2009,2.51,-1(-1.49 %),613980,66.5,67.0,65.0
27/05/2009,2.55,0(0.00 %),658030,68.0,68.0,65.0
26/05/2009,2.55,0.5(0.75 %),741030,67.5,68.5,66.5
25/05/2009,2.53,3(4.72 %),717520,64.0,66.5,64.0
22/05/2009,2.41,-2(-3.05 %),738560,63.0,65.0,63.0
21/05/2009,2.49,-1.5(-2.24 %),774240,65.5,67.0,65.5
20/05/2009,2.55,0(0.00 %),1395570,66.5,67.5,66.0
19/05/2009,2.55,0.5(0.75 %),1014690,68.0,68.0,66.5
18/05/2009,2.53,0(0.00 %),605550,66.0,68.0,65.5
15/05/2009,2.53,3(4.72 %),827290,65.5,66.5,64.5
14/05/2009,2.41,-1.5(-2.31 %),1708940,62.5,64.5,62.0
13/05/2009,2.47,-3(-4.41 %),1640250,66.5,68.0,65.0
12/05/2009,2.58,2(3.03 %),829880,66.0,68.0,64.5
11/05/2009,2.51,2(3.12 %),1265940,65.5,66.5,64.0
08/05/2009,2.43,0.5(0.79 %),1373780,65.0,66.5,63.5
07/05/2009,2.41,3(4.96 %),1002450,63.5,63.5,63.0
06/05/2009,2.3,0(0.00 %),2626470,61.5,63.5,60.5
05/05/2009,2.3,2.5(4.31 %),227170,60.5,60.5,60.5
04/05/2009,2.2,2.5(4.50 %),223130,58.0,58.0,58.0
29/04/2009,2.11,0.5(0.91 %),563360,55.5,55.5,54.5
28/04/2009,2.09,0(0.00 %),507210,55.0,56.0,54.5
27/04/2009,2.09,1(1.85 %),742370,55.5,56.0,54.0
24/04/2009,2.05,0.5(0.93 %),627090,53.5,54.0,52.0
23/04/2009,2.03,-0.5(-0.93 %),785730,54.5,56.0,53.5
22/04/2009,2.05,2.5(4.85 %),967250,54.0,54.0,52.0
21/04/2009,1.96,-1.5(-2.83 %),1818020,50.5,52.0,50.5
20/04/2009,2.01,-2.5(-4.50 %),402140,53.0,53.0,53.0
17/04/2009,2.11,-2.5(-4.31 %),1087860,57.0,57.5,55.5
16/04/2009,2.2,0.5(0.87 %),1140090,59.0,59.0,57.0
15/04/2009,2.18,-2(-3.36 %),1697840,58.0,60.5,57.0
14/04/2009,2.26,2.5(4.39 %),1910600,59.0,59.5,57.0
13/04/2009,2.17,2.5(4.59 %),104360,57.0,57.0,57.0
10/04/2009,2.07,2.5(4.81 %),249850,52.0,54.5,54.5
09/04/2009,1.98,0(0.00 %),1017260,52.0,53.5,51.0
08/04/2009,1.98,-2(-3.70 %),1548930,54.0,56.5,51.5
07/04/2009,2.05,2.5(4.85 %),1553610,51.5,54.0,51.0
03/04/2009,1.96,2.1(4.25 %),901030,49.4,51.5,51.5
02/04/2009,1.88,2.3(4.88 %),1114300,47.1,49.4,48.8
01/04/2009,1.79,2.2(4.90 %),330150,46.8,47.1,46.0
31/03/2009,1.71,-0.8(-1.75 %),828860,44.2,45.0,44.1
30/03/2009,1.74,-2.3(-4.79 %),1024320,46.2,47.4,45.7
27/03/2009,1.82,-1.9(-3.81 %),822640,50.5,50.5,48.0
26/03/2009,1.9,1.5(3.10 %),838490,48.4,50.0,48.8
25/03/2009,1.84,2.2(4.76 %),962740,46.2,48.5,45.9
24/03/2009,1.76,2.2(5.00 %),240360,44.0,46.2,46.0
23/03/2009,1.67,-1.5(-3.30 %),300350,45.5,45.7,43.8
20/03/2009,1.73,0(0.00 %),264540,45.5,47.0,44.5
19/03/2009,1.73,-2.3(-4.81 %),682980,47.8,48.6,45.5
18/03/2009,1.82,2.2(4.82 %),908830,45.6,47.8,47.0
17/03/2009,1.73,1.6(3.64 %),431840,44.0,46.2,44.8
16/03/2009,1.67,0.6(1.38 %),230700,43.4,44.0,43.4
13/03/2009,1.65,0(0.00 %),235750,43.4,43.8,43.3
12/03/2009,1.65,-1.6(-3.56 %),239390,45.0,44.4,43.0
11/03/2009,1.71,0.6(1.35 %),445460,44.4,45.9,44.5
10/03/2009,1.69,0.3(0.68 %),498320,44.1,45.1,43.6
09/03/2009,1.68,0.9(2.08 %),426240,43.2,44.5,43.1
06/03/2009,1.64,0.2(0.47 %),199000,43.0,43.2,42.0
05/03/2009,1.63,1.1(2.63 %),270690,41.9,43.5,42.2
04/03/2009,1.59,0.4(0.96 %),181120,41.5,42.0,41.0
03/03/2009,1.58,-2.1(-4.82 %),236910,43.6,42.2,41.5
02/03/2009,1.66,0.7(1.63 %),242220,42.9,43.9,41.5
27/02/2009,1.63,1.9(4.63 %),337150,41.0,42.9,40.0
26/02/2009,1.56,1.5(3.80 %),438790,39.5,41.0,38.0
25/02/2009,1.5,1.8(4.77 %),242810,37.7,39.5,39.0
24/02/2009,1.43,-1.9(-4.80 %),277110,39.6,37.8,37.7
23/02/2009,1.5,-2(-4.81 %),285480,40.0,40.5,39.6
20/02/2009,1.58,-0.4(-0.95 %),141830,41.5,42.0,41.1
19/02/2009,1.6,0(0.00 %),309740,43.0,43.1,42.0
18/02/2009,1.6,-1.1(-2.55 %),471730,41.0,42.0,41.0
17/02/2009,1.64,-2.2(-4.86 %),426570,43.5,44.9,43.1
16/02/2009,1.72,-1.3(-2.79 %),357040,46.6,46.6,45.3
13/02/2009,1.77,-0.4(-0.85 %),168870,46.6,46.8,46.5
12/02/2009,1.79,-0.1(-0.21 %),225260,47.1,47.4,46.7
11/02/2009,1.79,-0.9(-1.88 %),327510,47.3,47.3,47.0
10/02/2009,1.82,-1.3(-2.64 %),100540,47.5,48.7,47.5
09/02/2009,1.87,1.8(3.79 %),147690,47.5,49.3,47.5
06/02/2009,1.8,1(2.15 %),133360,47.0,47.5,46.4
05/02/2009,1.77,-1(-2.11 %),212960,47.5,47.5,46.3
04/02/2009,1.8,0.9(1.93 %),202740,46.7,47.9,46.6
03/02/2009,1.77,-1.9(-3.92 %),356020,47.1,47.2,46.6
02/02/2009,1.84,-2(-3.96 %),234860,49.9,50.0,48.5
23/01/2009,1.92,0(0.00 %),98740,50.0,51.0,50.0
22/01/2009,1.92,0.8(1.61 %),151060,49.5,50.5,49.5
21/01/2009,1.89,-0.2(-0.40 %),135320,49.8,50.0,49.7
20/01/2009,1.9,-0.6(-1.19 %),224930,50.0,50.0,49.7
19/01/2009,1.92,0(0.00 %),155140,50.5,50.5,50.0
16/01/2009,1.92,0.5(1.00 %),188470,51.0,51.0,50.0
15/01/2009,1.9,-1(-1.96 %),249240,50.0,50.5,50.0
14/01/2009,1.94,1.1(2.20 %),302370,50.5,51.5,49.8
13/01/2009,1.9,-0.6(-1.19 %),247860,50.0,50.5,49.7
12/01/2009,1.92,0(0.00 %),115600,50.5,51.0,50.0
09/01/2009,1.92,-1(-1.94 %),218970,51.0,52.0,50.5
08/01/2009,1.96,-1.5(-2.83 %),393810,51.5,53.0,51.0
07/01/2009,2.01,1.5(2.91 %),764810,52.5,54.0,52.5
06/01/2009,1.96,1.5(3.00 %),260030,50.0,51.5,50.0
05/01/2009,1.9,0(0.00 %),163060,50.0,50.0,49.1
02/01/2009,1.9,0(0.00 %),47170,50.0,50.0,49.8
31/12/2008,1.9,-0.5(-0.99 %),426080,51.5,52.0,50.0
30/12/2008,1.92,1.9(3.91 %),460650,48.6,51.0,48.6
29/12/2008,1.85,-0.05(-0.10 %),199210,48.5,49.5,48.5
26/12/2008,1.85,-0.1(-0.20 %),249810,48.5,49.5,48.5
25/12/2008,1.86,0.2(0.41 %),163130,49.0,49.5,49.0
24/12/2008,1.86,-0.6(-1.21 %),115550,48.0,49.3,48.0
23/12/2008,1.88,-1.9(-3.69 %),302340,49.5,50.0,49.4
22/12/2008,1.96,-0.95(-1.81 %),230890,53.0,53.5,51.5
19/12/2008,1.99,0.05(0.10 %),373670,51.5,53.0,51.5
18/12/2008,1.99,0.05(0.10 %),214270,52.0,53.5,51.0
17/12/2008,1.99,2(3.96 %),398150,50.5,53.0,50.0
16/12/2008,1.92,-2.5(-4.72 %),493380,52.5,52.5,50.5
15/12/2008,2.01,2.5(4.95 %),516920,53.0,53.0,51.5
12/12/2008,1.92,2.35(4.88 %),426360,50.0,50.5,50.0
11/12/2008,1.83,0.9(1.90 %),181410,46.5,48.5,46.5
10/12/2008,1.8,-1.35(-2.77 %),207280,47.2,47.9,47.2
09/12/2008,1.85,2.2(4.73 %),365650,47.0,48.8,46.5
08/12/2008,1.77,-2.25(-4.62 %),365030,47.0,47.0,46.5
05/12/2008,1.86,-1.6(-3.17 %),268230,50.0,50.0,48.3
04/12/2008,1.92,0(0.00 %),324230,50.5,51.5,50.0
03/12/2008,1.92,0.5(1.00 %),242200,50.5,51.0,49.0
02/12/2008,1.9,-2.45(-4.67 %),352240,51.0,51.5,50.0
01/12/2008,1.99,2(3.96 %),427260,53.0,53.0,50.0
28/11/2008,1.92,2.2(4.55 %),339130,50.5,50.5,50.0
27/11/2008,1.84,-2.5(-4.90 %),712510,51.0,51.0,48.5
26/11/2008,1.94,-2.5(-4.67 %),629240,53.5,54.0,51.0
25/11/2008,2.03,1.05(2.00 %),388490,53.5,55.0,53.0
24/11/2008,1.99,2(3.96 %),381600,53.0,53.0,52.0
21/11/2008,1.92,-1.95(-3.72 %),614730,49.9,53.0,49.9
20/11/2008,1.99,-2.5(-4.55 %),475410,52.5,53.5,52.5
19/11/2008,2.09,-1.5(-2.65 %),336540,56.5,57.5,55.0
18/11/2008,2.15,-1.5(-2.59 %),198890,57.0,57.5,56.0
17/11/2008,2.2,-2(-3.33 %),217640,59.0,60.0,58.0
14/11/2008,2.28,2.5(4.35 %),597610,60.0,60.0,58.5
13/11/2008,2.18,-0.5(-0.86 %),865170,55.5,59.0,55.5
12/11/2008,2.2,-3(-4.92 %),246800,58.0,58.0,58.0
11/11/2008,2.32,-3(-4.69 %),536910,62.0,63.0,61.0
10/11/2008,2.43,3(4.92 %),435320,64.0,64.0,63.0
07/11/2008,2.32,2.75(4.72 %),1095780,61.0,61.0,59.0
06/11/2008,3.33,3.5(4.09 %),1300900,85.0,89.5,83.0
05/11/2008,3.2,4(4.91 %),160580,85.5,85.5,85.5
04/11/2008,3.05,3.5(4.49 %),516940,78.0,81.5,78.0
03/11/2008,2.92,3.5(4.70 %),720560,78.0,78.0,74.5
31/10/2008,2.78,3.5(4.93 %),214790,74.5,74.5,74.5
30/10/2008,2.65,3(4.41 %),275860,70.0,71.0,68.0
29/10/2008,2.54,3(4.62 %),425290,68.0,68.0,67.0
28/10/2008,2.43,-1.5(-2.26 %),467380,63.5,68.0,63.5
27/10/2008,2.49,-3(-4.32 %),390520,66.5,66.5,66.5
24/10/2008,2.6,-3.5(-4.79 %),398060,70.5,71.0,69.5
23/10/2008,2.73,-3.5(-4.58 %),423180,73.0,74.5,73.0
22/10/2008,2.86,-1.5(-1.92 %),175620,75.0,77.0,75.0
21/10/2008,2.92,3.5(4.70 %),413160,78.0,78.0,74.5
20/10/2008,2.78,-3.5(-4.49 %),193520,78.0,78.0,74.5
17/10/2008,2.92,2(2.63 %),380430,79.5,79.5,77.0
16/10/2008,2.84,1(1.33 %),453110,72.5,78.5,72.5
15/10/2008,2.8,3.5(4.90 %),620510,75.0,75.0,72.0
14/10/2008,2.67,3(4.38 %),42650,71.5,71.5,71.5
13/10/2008,2.56,-3.5(-4.86 %),445480,72.0,74.0,68.5
10/10/2008,2.69,-3.5(-4.64 %),221730,72.0,72.0,72.0
09/10/2008,2.82,-3.5(-4.43 %),808160,75.5,79.5,75.5
08/10/2008,2.95,-4(-4.82 %),181880,79.0,79.0,79.0
07/10/2008,3.1,-4(-4.60 %),138250,83.0,83.0,83.0
06/10/2008,3.25,-4.5(-4.92 %),385060,87.5,88.0,87.0
03/10/2008,3.42,-3.5(-3.68 %),212730,92.0,93.5,91.5
02/10/2008,3.55,2(2.15 %),250480,97.0,97.0,92.0
01/10/2008,3.48,1.5(1.64 %),417070,94.0,95.0,88.5
30/09/2008,3.42,-4.25(-4.44 %),15530,91.5,91.5,91.5
29/09/2008,3.59,-3.5(-3.52 %),252860,95.5,100.0,95.5
26/09/2008,3.72,4.5(4.74 %),545710,99.5,99.5,95.0
25/09/2008,3.55,4.5(4.97 %),502610,93.0,95.0,91.5
24/09/2008,3.38,-3.5(-3.72 %),278850,94.0,94.0,90.5
23/09/2008,3.51,3.5(3.87 %),1258580,91.0,95.0,87.0
22/09/2008,3.38,4(4.62 %),326690,90.5,90.5,90.5
19/09/2008,3.23,4(4.85 %),757290,86.5,86.5,86.0
18/09/2008,3.08,-4(-4.62 %),144600,82.5,82.5,82.5
17/09/2008,3.23,-4.5(-4.95 %),71390,86.5,86.5,86.5
16/09/2008,3.4,-4.5(-4.71 %),338380,91.5,92.0,91.0
15/09/2008,3.57,-4.5(-4.50 %),845560,95.0,105.0,95.0
12/09/2008,3.74,-5(-4.76 %),99390,100.0,100.0,100.0
11/09/2008,3.92,-5(-4.55 %),125420,105.0,105.0,105.0
10/09/2008,4.11,-5(-4.35 %),245500,110.0,110.0,110.0
09/09/2008,4.3,-6(-4.96 %),550610,115.0,123.0,115.0
08/09/2008,4.52,-6(-4.72 %),91770,121.0,121.0,121.0
05/09/2008,4.75,-6(-4.51 %),581910,137.0,137.0,127.0
04/09/2008,4.97,6(4.72 %),788590,133.0,133.0,127.0
03/09/2008,4.75,6(4.96 %),363820,127.0,127.0,127.0
29/08/2008,4.52,0(0.00 %),844880,121.0,126.0,115.0
28/08/2008,4.52,5(4.31 %),1988360,121.0,121.0,116.0
27/08/2008,4.34,5(4.50 %),51750,116.0,116.0,116.0
26/08/2008,4.15,5(4.72 %),11570,111.0,111.0,111.0
25/08/2008,3.96,5(4.95 %),48110,106.0,106.0,106.0
22/08/2008,3.78,4.5(4.66 %),87220,101.0,101.0,101.0
21/08/2008,3.61,4.5(4.89 %),231990,96.5,96.5,96.5
20/08/2008,3.44,4(4.55 %),871030,92.0,92.0,92.0
19/08/2008,3.29,4(4.76 %),142630,88.0,88.0,88.0
18/08/2008,3.14,4(5.00 %),382720,84.0,84.0,84.0
15/08/2008,2.99,2(2.56 %),16710,80.0,80.0,80.0
14/08/2008,2.92,2(2.63 %),36200,78.0,78.0,78.0
13/08/2008,2.84,2(2.70 %),221080,76.0,76.0,76.0
12/08/2008,2.77,2(2.78 %),118650,74.0,74.0,74.0
11/08/2008,2.69,2(2.86 %),51350,72.0,72.0,72.0
08/08/2008,2.62,2(2.94 %),600830,70.0,70.0,68.0
07/08/2008,2.54,1.5(2.26 %),283230,68.0,68.0,66.5
06/08/2008,2.49,1.5(2.31 %),280690,66.5,66.5,66.5
05/08/2008,2.43,-2(-2.99 %),216280,65.0,65.0,65.0
04/08/2008,2.5,-2(-2.90 %),461730,67.0,69.0,67.0
01/08/2008,2.58,2(2.99 %),272140,69.0,69.0,67.5
31/07/2008,2.5,1.5(2.29 %),595720,65.0,67.0,64.5
30/07/2008,2.45,1.5(2.34 %),610540,65.5,65.5,63.0
29/07/2008,2.39,1.5(2.40 %),72740,64.0,64.0,64.0
28/07/2008,2.34,1.5(2.46 %),46620,62.5,62.5,62.5
25/07/2008,2.29,0.5(0.81 %),290860,61.0,62.0,60.0
24/07/2008,2.27,-1.5(-2.38 %),1124720,63.0,64.5,61.5
23/07/2008,2.33,-1.5(-2.33 %),118350,63.0,63.0,63.0
22/07/2008,2.38,-1.5(-2.27 %),165620,64.5,64.5,64.5
21/07/2008,2.44,-2(-2.94 %),713850,66.0,67.0,66.0
18/07/2008,2.51,1.5(2.26 %),651860,68.0,68.0,68.0
17/07/2008,2.46,1.5(2.31 %),93730,66.5,66.5,66.5
16/07/2008,2.4,1.5(2.36 %),723350,65.0,65.0,62.0
15/07/2008,2.35,1.5(2.42 %),61500,63.5,63.5,63.5
14/07/2008,2.29,1.5(2.48 %),102180,62.0,62.0,62.0
11/07/2008,2.24,1.5(2.54 %),165300,60.5,60.5,60.5
10/07/2008,2.18,1.5(2.61 %),174910,59.0,59.0,59.0
09/07/2008,2.13,1.5(2.68 %),321480,57.5,57.5,56.5
08/07/2008,2.07,1.5(2.75 %),476680,53.0,56.0,53.0
07/07/2008,2.02,-1.5(-2.68 %),638990,57.5,57.5,54.5
04/07/2008,2.07,1.5(2.75 %),114780,56.0,56.0,56.0
03/07/2008,2.02,1.5(2.83 %),41650,54.5,54.5,54.5
02/07/2008,1.96,1.5(2.91 %),422440,53.0,53.0,51.5
01/07/2008,1.9,1.5(3.00 %),154180,51.5,51.5,51.0
30/06/2008,1.85,0(0.00 %),266050,48.5,50.0,48.5
27/06/2008,1.85,0.5(1.01 %),147910,48.1,50.0,48.1
26/06/2008,1.83,-1(-1.98 %),171900,52.0,52.0,49.0
25/06/2008,1.87,1(2.02 %),282020,50.5,50.5,50.0
24/06/2008,1.83,1.4(2.91 %),264130,46.7,49.5,46.7
23/06/2008,1.78,-1.4(-2.83 %),409550,48.1,49.2,48.1
20/06/2008,1.83,-1.5(-2.94 %),96710,49.5,49.5,49.5
19/06/2008,1.89,-1.5(-2.86 %),85410,51.0,51.0,51.0
18/06/2008,1.94,-1(-1.87 %),645410,54.0,54.0,52.5
17/06/2008,1.98,1(1.90 %),227950,53.5,53.5,53.5
16/06/2008,1.94,1(1.94 %),639380,50.5,52.5,50.5
13/06/2008,1.9,-1(-1.90 %),409120,51.5,51.5,51.5
12/06/2008,1.94,-1(-1.87 %),195590,52.5,52.5,52.5
11/06/2008,1.98,-1(-1.83 %),12340,53.5,53.5,53.5
10/06/2008,2.02,-1(-1.80 %),5040,54.5,54.5,54.5
09/06/2008,2.05,-1(-1.77 %),22830,55.5,55.5,55.5
06/06/2008,2.09,-1(-1.74 %),6460,56.5,56.5,56.5
05/06/2008,2.13,-1(-1.71 %),2430,57.5,57.5,57.5
04/06/2008,2.16,-1(-1.68 %),3870,58.5,58.5,58.5
03/06/2008,2.2,-1(-1.65 %),10280,59.5,59.5,59.5
02/06/2008,2.24,-1(-1.63 %),7300,60.5,60.5,60.5
30/05/2008,2.27,-1(-1.60 %),20370,61.5,61.5,61.5
29/05/2008,2.31,0(0.00 %),0,62.5,62.5,62.5
28/05/2008,2.31,0(0.00 %),0,62.5,62.5,62.5
27/05/2008,2.31,0(0.00 %),0,62.5,62.5,62.5
26/05/2008,2.31,-1(-1.57 %),8560,62.5,62.5,62.5
23/05/2008,2.35,-1(-1.55 %),42540,63.5,63.5,63.5
22/05/2008,2.38,-1(-1.53 %),3320,64.5,64.5,64.5
21/05/2008,2.42,-1(-1.50 %),91850,65.5,65.5,65.5
20/05/2008,2.46,-1(-1.48 %),13570,66.5,66.5,66.5
19/05/2008,2.5,-1(-1.46 %),73740,67.5,67.5,67.5
16/05/2008,2.53,-1(-1.44 %),65920,68.5,68.5,68.5
15/05/2008,2.57,-1(-1.42 %),7980,69.5,69.5,69.5
14/05/2008,2.61,-1(-1.40 %),8580,70.5,70.5,70.5
13/05/2008,2.64,-1(-1.38 %),8790,71.5,71.5,71.5
12/05/2008,2.68,-1(-1.36 %),45450,72.5,72.5,72.5
09/05/2008,2.72,-1.5(-2.00 %),31710,73.5,73.5,73.5
08/05/2008,2.77,-1.5(-1.96 %),108670,75.0,75.0,75.0
07/05/2008,2.83,-1.5(-1.92 %),82390,76.5,76.5,76.5
06/05/2008,2.88,-1.5(-1.89 %),69790,78.0,78.0,78.0
05/05/2008,2.94,-1.5(-1.85 %),123490,79.5,79.5,79.5
29/04/2008,2.99,-1.5(-1.82 %),335710,81.0,82.0,81.0
28/04/2008,3.05,-1.5(-1.79 %),458890,82.5,84.0,82.5
25/04/2008,3.11,-1.5(-1.75 %),43420,84.0,84.0,84.0
24/04/2008,3.16,-1.5(-1.72 %),53300,85.5,85.5,85.5
23/04/2008,3.22,-1.5(-1.69 %),8870,87.0,87.0,87.0
22/04/2008,3.27,-1.5(-1.67 %),53530,88.5,88.5,88.5
21/04/2008,3.33,-1.5(-1.64 %),234320,90.5,91.0,90.0
18/04/2008,3.4,-1.5(-1.60 %),279560,94.5,94.5,92.5
17/04/2008,3.45,1(1.08 %),502070,91.5,94.5,91.5
16/04/2008,3.41,-1.5(-1.59 %),89940,93.0,93.0,93.0
11/04/2008,3.47,-1.5(-1.56 %),75550,94.5,94.5,94.5
10/04/2008,3.52,-1.5(-1.54 %),100200,96.0,96.0,96.0
09/04/2008,3.58,-1(-1.02 %),491500,97.0,97.5,97.0
08/04/2008,3.62,-1(-1.01 %),658080,101.0,101.0,98.0
07/04/2008,3.65,1.5(1.53 %),44420,99.5,99.5,99.5
04/04/2008,3.6,0.5(0.51 %),19260,98.0,98.0,98.0
03/04/2008,3.58,0.5(0.52 %),7660,97.5,97.5,97.5
02/04/2008,3.56,0.5(0.52 %),1820,97.0,97.0,97.0
01/04/2008,3.54,0.5(0.52 %),80650,96.5,96.5,96.5
31/03/2008,3.52,0.5(0.52 %),281820,96.0,96.0,96.0
28/03/2008,3.51,0.5(0.53 %),360310,95.5,95.5,95.0
27/03/2008,3.49,0.5(0.53 %),564730,95.0,95.0,94.5
26/03/2008,3.47,-4.5(-4.55 %),491820,94.5,94.5,94.5
25/03/2008,3.63,-5(-4.81 %),78260,99.0,99.0,99.0
24/03/2008,3.82,-5(-4.59 %),61590,104.0,104.0,104.0
21/03/2008,4.0,-5(-4.39 %),225440,109.0,110.0,109.0
20/03/2008,4.19,-5(-4.20 %),297440,114.0,119.0,114.0
19/03/2008,4.37,-6(-4.80 %),414330,119.0,125.0,119.0
18/03/2008,4.59,-6(-4.58 %),53240,125.0,125.0,125.0
17/03/2008,4.81,-6(-4.38 %),118510,131.0,133.0,131.0
14/03/2008,5.03,0(0.00 %),229600,136.0,137.0,135.0
13/03/2008,5.03,0(0.00 %),97870,137.0,139.0,136.0
12/03/2008,5.03,3(2.24 %),326740,134.0,140.0,134.0
11/03/2008,4.92,-6(-4.29 %),438330,134.0,138.0,133.0
10/03/2008,5.14,6(4.48 %),749480,140.0,140.0,140.0
07/03/2008,4.92,6(4.69 %),66860,134.0,134.0,134.0
06/03/2008,4.7,6(4.92 %),150750,128.0,128.0,128.0
05/03/2008,4.48,-6(-4.69 %),260000,122.0,122.0,122.0
04/03/2008,4.7,-6(-4.48 %),134790,128.0,128.0,128.0
03/03/2008,4.92,-7(-4.96 %),190060,134.0,134.0,134.0
29/02/2008,5.18,-7(-4.73 %),216820,143.0,148.0,141.0
28/02/2008,5.43,-3(-1.99 %),123600,153.0,153.0,147.0
27/02/2008,5.54,-1(-0.66 %),156900,151.0,156.0,151.0
26/02/2008,5.58,-7(-4.40 %),304670,158.0,159.0,152.0
25/02/2008,5.84,7(4.61 %),301820,155.0,159.0,155.0
22/02/2008,5.58,-7(-4.40 %),287230,152.0,152.0,152.0
21/02/2008,5.84,-8(-4.79 %),187680,159.0,159.0,159.0
20/02/2008,6.13,-8(-4.57 %),312060,171.0,171.0,167.0
19/02/2008,6.42,-1(-0.57 %),242480,171.0,175.0,170.0
18/02/2008,6.46,-8(-4.35 %),262900,178.0,178.0,175.0
15/02/2008,6.75,-1(-0.54 %),90890,186.0,186.0,181.0
14/02/2008,6.79,1(0.54 %),173150,184.0,188.0,184.0
13/02/2008,6.75,-9(-4.66 %),206500,187.0,189.0,184.0
12/02/2008,7.09,-5(-2.53 %),76750,198.0,198.0,192.0
01/02/2008,7.27,1(0.51 %),204640,197.0,198.0,196.0
31/01/2008,7.23,-3(-1.50 %),225620,191.0,197.0,191.0
30/01/2008,7.34,9(4.71 %),352990,200.0,200.0,197.0
29/01/2008,7.01,9(4.95 %),213390,182.0,191.0,182.0
28/01/2008,6.68,4(2.25 %),190060,177.0,182.0,177.0
25/01/2008,6.53,8(4.71 %),292790,170.0,178.0,170.0
24/01/2008,6.24,-4(-2.30 %),430040,182.0,182.0,170.0
23/01/2008,6.39,-9(-4.92 %),92540,174.0,174.0,174.0
22/01/2008,6.72,-9(-4.69 %),202800,183.0,183.0,183.0
21/01/2008,7.05,-10(-4.95 %),501440,192.0,194.0,192.0
18/01/2008,7.42,3(1.51 %),152330,195.0,205.0,195.0
17/01/2008,7.31,1(0.51 %),387040,207.0,207.0,196.0
16/01/2008,7.27,9(4.76 %),331740,197.0,198.0,195.0
15/01/2008,6.94,-4(-2.07 %),337320,190.0,191.0,189.0
14/01/2008,7.09,-4(-2.03 %),239760,197.0,197.0,193.0
11/01/2008,7.23,5(2.60 %),188290,195.0,198.0,195.0
10/01/2008,7.05,-10(-4.95 %),401090,196.0,197.0,192.0
09/01/2008,7.42,-6(-2.88 %),159580,205.0,205.0,202.0
08/01/2008,7.64,2(0.97 %),214660,209.0,209.0,208.0
07/01/2008,7.56,-6(-2.83 %),232200,210.0,210.0,205.0
04/01/2008,7.78,-3(-1.40 %),180890,212.0,213.0,211.0
03/01/2008,7.89,-4(-1.83 %),211160,216.0,217.0,215.0
02/01/2008,8.04,-4(-1.79 %),113410,221.0,222.0,219.0
28/12/2007,8.19,1(0.45 %),172550,222.0,223.0,222.0
27/12/2007,8.15,-1(-0.45 %),227980,223.0,223.0,222.0
26/12/2007,8.19,1(0.45 %),211500,223.0,224.0,222.0
25/12/2007,8.15,-1(-0.45 %),121320,223.0,223.0,222.0
24/12/2007,8.19,-2(-0.89 %),123130,225.0,225.0,223.0
21/12/2007,8.26,0(0.00 %),168200,225.0,226.0,224.0
20/12/2007,8.26,-5(-2.17 %),236310,230.0,230.0,225.0
19/12/2007,8.44,6(2.68 %),353490,224.0,230.0,224.0
18/12/2007,8.22,3(1.36 %),264940,228.0,228.0,222.0
17/12/2007,8.11,-1(-0.45 %),203240,223.0,223.0,221.0
14/12/2007,8.15,-2(-0.89 %),204820,221.0,225.0,221.0
13/12/2007,8.22,-3(-1.32 %),291570,225.0,226.0,224.0
12/12/2007,8.33,1(0.44 %),329220,223.0,230.0,223.0
11/12/2007,8.3,-2(-0.88 %),327840,225.0,226.0,224.0
10/12/2007,8.37,-4(-1.72 %),301700,230.0,232.0,228.0
07/12/2007,8.52,2(0.87 %),203800,230.0,235.0,230.0
06/12/2007,8.44,-2(-0.86 %),350710,229.0,230.0,228.0
05/12/2007,8.52,-4(-1.69 %),257280,235.0,235.0,232.0
04/12/2007,8.66,-3(-1.26 %),334400,239.0,239.0,236.0
03/12/2007,8.77,1(0.42 %),187600,238.0,240.0,238.0
30/11/2007,8.74,-1(-0.42 %),149250,239.0,240.0,238.0
29/11/2007,8.77,-2(-0.83 %),128960,242.0,243.0,239.0
28/11/2007,8.85,-2(-0.82 %),140410,241.0,243.0,241.0
27/11/2007,8.92,-4(-1.62 %),164250,245.0,247.0,243.0
26/11/2007,9.07,0(0.00 %),171730,246.0,247.0,246.0
23/11/2007,9.07,1(0.41 %),126520,243.0,247.0,243.0
22/11/2007,9.03,6(2.50 %),158550,245.0,247.0,244.0
21/11/2007,8.81,-6(-2.44 %),260450,240.0,242.0,240.0
20/11/2007,9.03,-3(-1.20 %),255770,249.0,249.0,245.0
19/11/2007,9.14,0(0.00 %),145600,246.0,249.0,246.0
16/11/2007,9.14,3(1.22 %),157050,243.0,249.0,243.0
15/11/2007,9.03,-5(-1.99 %),147180,249.0,250.0,246.0
14/11/2007,9.21,11(4.58 %),264240,245.0,251.0,245.0
13/11/2007,8.81,-11(-4.38 %),207890,250.0,250.0,240.0
12/11/2007,9.21,0(0.00 %),258730,252.0,252.0,246.0
09/11/2007,9.21,4(1.62 %),334340,249.0,251.0,248.0
08/11/2007,9.07,3(1.23 %),129370,245.0,250.0,245.0
07/11/2007,8.96,-3(-1.21 %),355200,243.0,247.0,243.0
06/11/2007,9.07,-10(-3.89 %),361210,250.0,252.0,247.0
05/11/2007,9.43,-7(-2.65 %),345680,253.0,258.0,253.0
02/11/2007,9.69,-6(-2.22 %),244060,265.0,270.0,264.0
01/11/2007,9.91,-2(-0.74 %),232680,272.0,272.0,269.0
31/10/2007,9.99,2(0.74 %),197030,271.0,272.0,270.0
30/10/2007,9.91,-1(-0.37 %),254640,270.0,272.0,270.0
29/10/2007,9.95,-4(-1.45 %),176680,271.0,273.0,271.0
26/10/2007,10.1,-2(-0.72 %),175290,277.0,277.0,275.0
25/10/2007,10.17,-3(-1.07 %),292200,280.0,282.0,277.0
24/10/2007,10.28,9(3.32 %),273700,275.0,280.0,274.0
23/10/2007,9.95,-1(-0.37 %),526810,270.0,271.0,268.0
22/10/2007,9.99,-3(-1.09 %),285680,270.0,275.0,270.0
19/10/2007,10.1,-3(-1.08 %),220860,272.0,275.0,271.0
18/10/2007,10.21,-4(-1.42 %),176410,280.0,281.0,278.0
17/10/2007,10.35,4(1.44 %),201640,278.0,283.0,278.0
16/10/2007,10.21,-2(-0.71 %),257970,280.0,281.0,278.0
15/10/2007,10.28,-3(-1.06 %),195120,283.0,283.0,280.0
12/10/2007,10.39,2(0.71 %),144790,281.0,283.0,280.0
11/10/2007,10.32,-6(-2.09 %),179330,285.0,286.0,281.0
10/10/2007,10.54,0(0.00 %),227190,287.0,289.0,286.0
09/10/2007,10.54,13(4.74 %),273910,280.0,287.0,275.0
08/10/2007,10.06,-5(-1.79 %),358530,280.0,281.0,274.0
05/10/2007,10.29,-14(-4.75 %),420620,286.0,289.0,281.0
04/10/2007,10.81,-6(-1.99 %),401260,295.0,298.0,295.0
03/10/2007,11.03,5(1.69 %),713370,301.0,301.0,296.0
02/10/2007,10.84,10(3.50 %),882920,300.0,300.0,290.0
01/10/2007,10.48,13(4.76 %),488930,286.0,286.0,283.0
28/09/2007,10.0,13(5.00 %),537020,268.0,273.0,265.0
27/09/2007,9.52,10(4.00 %),471650,250.0,260.0,249.0
26/09/2007,9.16,0(0.00 %),507520,260.0,260.0,245.0
25/09/2007,9.16,11(4.60 %),514880,250.0,250.0,245.0
24/09/2007,8.75,11(4.82 %),309830,233.0,239.0,232.0
21/09/2007,8.35,3(1.33 %),285620,227.0,228.0,226.0
20/09/2007,8.24,2(0.90 %),199410,223.0,226.0,223.0
19/09/2007,8.17,1(0.45 %),181030,222.0,223.0,222.0
18/09/2007,8.13,-2(-0.89 %),141940,222.0,223.0,222.0
17/09/2007,8.21,-1(-0.44 %),202530,223.0,225.0,222.0
14/09/2007,8.24,2(0.90 %),216470,223.0,225.0,222.0
13/09/2007,8.17,0(0.00 %),187850,223.0,223.0,221.0
12/09/2007,8.17,0(0.00 %),165190,223.0,223.0,221.0
11/09/2007,8.17,0(0.00 %),149540,223.0,224.0,223.0
10/09/2007,8.17,-2(-0.89 %),147010,224.0,225.0,222.0
07/09/2007,8.24,0(0.00 %),144790,225.0,227.0,224.0
06/09/2007,8.24,0(0.00 %),128330,225.0,227.0,225.0
05/09/2007,8.24,-4(-1.75 %),397330,226.0,229.0,225.0
04/09/2007,8.39,4(1.78 %),176260,225.0,229.0,225.0
31/08/2007,8.24,0(0.00 %),229880,225.0,227.0,224.0
30/08/2007,8.24,-1(-0.44 %),261390,225.0,226.0,224.0
29/08/2007,8.28,0(0.00 %),124920,225.0,226.0,224.0
28/08/2007,8.28,0(0.00 %),164380,226.0,226.0,224.0
27/08/2007,8.28,-4(-1.74 %),220710,230.0,230.0,224.0
24/08/2007,8.42,5(2.22 %),334530,227.0,230.0,225.0
23/08/2007,8.24,-4(-1.75 %),225450,229.0,229.0,225.0
22/08/2007,8.39,2(0.88 %),309370,230.0,231.0,227.0
21/08/2007,8.32,2(0.89 %),216400,227.0,230.0,227.0
20/08/2007,8.24,5(2.27 %),200790,220.0,225.0,220.0
17/08/2007,8.06,-3(-1.35 %),484890,220.0,222.0,218.0
16/08/2007,8.17,-7(-3.04 %),346180,226.0,228.0,223.0
15/08/2007,8.42,-5(-2.13 %),192850,230.0,232.0,229.0
14/08/2007,8.61,4(1.73 %),246630,231.0,235.0,231.0
13/08/2007,8.46,-9(-3.75 %),361290,233.0,235.0,230.0
10/08/2007,8.79,-10(-4.00 %),507630,245.0,245.0,239.0
09/08/2007,9.16,11(4.60 %),537810,246.0,250.0,245.0
08/08/2007,8.75,11(4.82 %),542430,230.0,239.0,230.0
07/08/2007,8.35,10(4.59 %),249130,223.0,228.0,223.0
06/08/2007,7.99,1(0.46 %),290560,217.0,220.0,217.0
03/08/2007,7.95,-11(-4.82 %),591930,217.0,220.0,217.0
02/08/2007,8.35,-12(-5.00 %),336310,239.0,240.0,228.0
01/08/2007,8.79,-5(-2.04 %),448440,240.0,245.0,238.0
31/07/2007,8.97,-8(-3.16 %),323490,250.0,252.0,242.0
30/07/2007,9.27,3(1.20 %),284820,253.0,257.0,253.0
27/07/2007,9.16,0(0.00 %),373240,250.0,250.0,250.0
26/07/2007,9.16,-5(-1.96 %),393930,250.0,250.0,250.0
25/07/2007,9.34,-12(-4.49 %),411820,260.0,260.0,255.0
24/07/2007,9.78,-4(-1.48 %),375620,272.0,272.0,267.0
23/07/2007,6.64,-11(-3.89 %),246160,279.0,279.0,272.0
20/07/2007,6.91,-2(-0.70 %),339690,286.0,286.0,283.0
19/07/2007,6.96,-3(-1.04 %),170180,288.0,288.0,285.0
18/07/2007,7.03,-2(-0.69 %),532830,290.0,290.0,288.0
17/07/2007,7.08,0(0.00 %),464320,290.0,290.0,290.0
16/07/2007,7.08,-9(-3.01 %),374810,291.0,291.0,290.0
13/07/2007,7.3,-7(-2.29 %),957580,300.0,300.0,299.0
12/07/2007,7.47,-2(-0.65 %),79290,308.0,308.0,306.0
11/07/2007,7.52,0(0.00 %),73500,310.0,310.0,308.0
10/07/2007,7.52,0(0.00 %),86160,307.0,308.0,307.0
09/07/2007,7.52,0(0.00 %),136810,305.0,308.0,305.0
06/07/2007,7.52,-2(-0.65 %),57070,307.0,308.0,307.0
05/07/2007,7.57,-2(-0.64 %),201110,305.0,310.0,305.0
04/07/2007,7.62,9(2.97 %),164890,310.0,312.0,310.0
03/07/2007,7.4,1(0.33 %),219630,303.0,303.0,303.0
02/07/2007,7.38,-5(-1.63 %),294210,300.0,302.0,300.0
29/06/2007,7.5,-1(-0.32 %),137240,307.0,307.0,307.0
28/06/2007,7.52,-3(-0.96 %),184710,310.0,310.0,308.0
27/06/2007,7.6,-13(-4.01 %),476910,335.0,335.0,311.0
26/06/2007,7.91,15(4.85 %),218550,324.0,324.0,324.0
25/06/2007,7.55,14(4.75 %),171530,309.0,309.0,309.0
22/06/2007,7.2,-5(-1.67 %),301720,295.0,300.0,295.0
21/06/2007,7.33,-6(-1.96 %),151020,306.0,306.0,300.0
20/06/2007,7.47,0(0.00 %),202860,305.0,308.0,305.0
19/06/2007,7.47,0(0.00 %),299170,303.0,306.0,303.0
18/06/2007,7.47,-4(-1.29 %),276180,315.0,315.0,306.0
15/06/2007,7.57,5(1.64 %),284560,305.0,310.0,305.0
14/06/2007,7.45,-1(-0.33 %),439470,304.0,305.0,304.0
13/06/2007,7.47,-13(-4.08 %),426060,308.0,308.0,306.0
12/06/2007,7.79,-1(-0.31 %),149160,320.0,320.0,319.0
11/06/2007,7.81,-10(-3.03 %),147860,320.0,320.0,320.0
08/06/2007,8.06,-8(-2.37 %),164370,335.0,335.0,325.0
07/06/2007,8.25,8(2.42 %),88290,335.0,338.0,335.0
06/06/2007,8.06,7(2.17 %),166220,323.0,330.0,323.0
05/06/2007,7.89,-17(-5.00 %),200960,330.0,330.0,323.0
04/06/2007,8.3,-5(-1.45 %),175240,340.0,341.0,340.0
01/06/2007,8.43,-4(-1.15 %),92630,348.0,348.0,345.0
31/05/2007,8.52,-1(-0.29 %),165090,350.0,350.0,349.0
30/05/2007,8.55,3(0.86 %),204950,340.0,350.0,340.0
29/05/2007,8.47,-10(-2.80 %),186180,350.0,350.0,347.0
28/05/2007,8.72,-1(-0.28 %),176850,356.0,357.0,356.0
25/05/2007,8.74,-2(-0.56 %),203300,358.0,359.0,355.0
24/05/2007,8.79,-10(-2.70 %),173140,360.0,365.0,360.0
23/05/2007,9.04,-2(-0.54 %),274270,372.0,372.0,370.0
22/05/2007,9.08,0(0.00 %),241370,370.0,372.0,370.0
21/05/2007,9.08,11.5(3.19 %),283500,378.0,378.0,372.0
18/05/2007,13.2,-16(-2.87 %),146660,550.0,550.0,541.0
17/05/2007,13.59,25(4.70 %),153220,525.0,557.0,525.0
16/05/2007,12.98,-18(-3.27 %),125520,545.0,545.0,532.0
15/05/2007,13.42,-28(-4.84 %),76860,550.0,550.0,550.0
14/05/2007,14.1,27(4.90 %),190090,578.0,578.0,578.0
11/05/2007,13.44,26(4.95 %),165950,551.0,551.0,551.0
10/05/2007,12.81,25(5.00 %),131160,525.0,525.0,525.0
09/05/2007,12.2,0(0.00 %),104100,500.0,500.0,500.0
08/05/2007,12.2,13(2.67 %),152010,500.0,500.0,498.0
07/05/2007,11.88,23(4.96 %),136260,487.0,487.0,487.0
04/05/2007,11.32,22(4.98 %),95960,464.0,464.0,464.0
03/05/2007,10.78,9(2.08 %),152480,434.0,442.0,434.0
02/05/2007,10.56,8(1.88 %),137200,431.0,434.0,431.0
25/04/2007,10.37,-9(-2.07 %),221550,413.0,425.0,413.0
24/04/2007,10.59,-22(-4.82 %),48470,434.0,434.0,434.0
23/04/2007,11.13,-24(-5.00 %),56560,460.0,460.0,456.0
20/04/2007,11.71,-25(-4.95 %),135750,495.0,495.0,480.0
19/04/2007,12.32,-15(-2.88 %),74850,520.0,520.0,505.0
18/04/2007,12.69,5(0.97 %),62980,520.0,520.0,520.0
17/04/2007,12.57,-10(-1.90 %),31000,520.0,520.0,515.0
16/04/2007,12.81,5(0.96 %),102080,533.0,533.0,525.0
13/04/2007,12.69,-20(-3.70 %),149170,560.0,560.0,520.0
12/04/2007,13.18,15(2.86 %),80100,538.0,540.0,535.0
11/04/2007,12.81,4(0.77 %),44950,521.0,525.0,521.0
10/04/2007,12.71,6(1.17 %),83330,515.0,521.0,510.0
09/04/2007,12.57,5(0.98 %),48570,510.0,515.0,510.0
06/04/2007,12.44,-5(-0.97 %),38880,503.0,510.0,503.0
05/04/2007,12.57,1(0.19 %),50520,518.0,518.0,515.0
04/04/2007,12.54,14(2.80 %),23700,500.0,514.0,500.0
03/04/2007,12.2,-20(-3.85 %),64900,500.0,500.0,499.0
02/04/2007,12.69,-21(-3.88 %),57570,514.0,525.0,514.0
30/03/2007,13.2,3(0.56 %),90460,548.0,550.0,541.0
29/03/2007,13.13,25(4.87 %),117350,513.0,538.0,513.0
28/03/2007,12.52,0(0.00 %),126200,488.0,513.0,488.0
27/03/2007,12.52,-27(-5.00 %),62970,515.0,515.0,513.0
26/03/2007,13.18,-15(-2.70 %),107630,540.0,540.0,530.0
23/03/2007,13.54,0(0.00 %),119530,555.0,555.0,555.0
22/03/2007,13.54,20(3.74 %),139830,540.0,560.0,540.0
21/03/2007,13.05,-27(-4.80 %),113940,534.0,536.0,534.0
20/03/2007,13.71,-16(-2.77 %),100430,570.0,570.0,560.0
19/03/2007,14.1,0(0.00 %),105730,600.0,600.0,578.0
16/03/2007,14.1,27(4.90 %),102100,551.0,578.0,551.0
15/03/2007,13.44,-29(-5.00 %),102590,551.0,551.0,551.0
14/03/2007,14.15,-30(-4.92 %),57450,580.0,605.0,580.0
13/03/2007,14.88,0(0.00 %),74620,610.0,612.0,582.0
12/03/2007,14.88,10(1.67 %),87310,610.0,610.0,600.0
09/03/2007,14.64,0(0.00 %),56050,620.0,620.0,600.0
08/03/2007,14.64,-10(-1.64 %),85390,605.0,605.0,585.0
07/03/2007,14.88,6(0.99 %),43980,625.0,625.0,610.0
06/03/2007,14.74,-30.4(-4.79 %),200880,604.0,605.0,604.0
05/03/2007,15.49,-10(-1.55 %),125170,635.0,645.0,635.0
02/03/2007,15.74,30(4.88 %),163420,627.0,645.0,627.0
01/03/2007,15.01,-17(-2.69 %),98850,615.0,630.0,610.0
28/02/2007,15.42,-33(-4.96 %),69560,632.0,665.0,632.0
27/02/2007,16.23,25(3.91 %),289680,665.0,672.0,665.0
26/02/2007,15.62,30(4.92 %),231310,640.0,640.0,640.0
15/02/2007,14.88,0(0.00 %),59720,610.0,610.0,610.0
14/02/2007,14.88,-20(-3.17 %),79810,610.0,620.0,610.0
13/02/2007,15.37,28(4.65 %),160600,630.0,632.0,620.0
12/02/2007,14.69,28(4.88 %),60490,602.0,602.0,602.0
09/02/2007,14.01,-30(-4.97 %),194380,574.0,574.0,574.0
08/02/2007,14.74,-31(-4.88 %),103880,604.0,604.0,604.0
07/02/2007,15.49,10(1.60 %),116470,635.0,635.0,606.0
06/02/2007,15.25,26(4.34 %),195540,625.0,625.0,590.0
05/02/2007,14.62,-31(-4.92 %),110440,599.0,620.0,599.0
02/02/2007,15.37,10(1.61 %),500660,620.0,630.0,630.0
01/02/2007,15.13,-25(-3.88 %),736990,647.0,647.0,620.0
31/01/2007,15.74,15(2.38 %),1993480,638.0,645.0,638.0
30/01/2007,15.49,30(4.96 %),258290,630.0,635.0,630.0
29/01/2007,14.76,25(4.31 %),201310,605.0,605.0,585.0
26/01/2007,14.15,0(0.00 %),129240,580.0,589.0,570.0
25/01/2007,14.15,0(0.00 %),142420,580.0,580.0,580.0
24/01/2007,14.15,-22(-3.65 %),156420,602.0,602.0,580.0
23/01/2007,14.69,2(0.33 %),243990,600.0,602.0,600.0
22/01/2007,14.64,22(3.81 %),461630,606.0,606.0,600.0
19/01/2007,14.1,27(4.90 %),95290,578.0,578.0,578.0
18/01/2007,13.44,1(0.18 %),282430,523.0,551.0,523.0
17/01/2007,13.42,-28(-4.84 %),145870,599.0,599.0,550.0
16/01/2007,14.1,27(4.90 %),339760,578.0,578.0,578.0
15/01/2007,13.44,26(4.95 %),274290,535.0,551.0,535.0
12/01/2007,12.81,25(5.00 %),279710,525.0,525.0,525.0
11/01/2007,12.2,5(1.01 %),283920,500.0,500.0,500.0
10/01/2007,12.08,5(1.02 %),314250,490.0,495.0,490.0
09/01/2007,11.96,0(0.00 %),225270,495.0,495.0,490.0
08/01/2007,11.96,-5(-1.01 %),351470,510.0,510.0,490.0
05/01/2007,12.08,23(4.87 %),377800,495.0,495.0,495.0
04/01/2007,11.52,22(4.89 %),148510,472.0,472.0,472.0
03/01/2007,10.98,10(2.27 %),74660,450.0,450.0,440.0
02/01/2007,10.74,-10(-2.22 %),81170,440.0,450.0,440.0
29/12/2006,11.22,-20(-4.17 %),69760,465.0,465.0,460.0
28/12/2006,11.71,0(0.00 %),144840,470.0,480.0,470.0
27/12/2006,11.71,21(4.58 %),413230,480.0,480.0,480.0
26/12/2006,11.2,21(4.79 %),300150,417.0,459.0,417.0
25/12/2006,10.69,-23(-4.99 %),22140,438.0,438.0,438.0
22/12/2006,11.25,-24(-4.95 %),143500,461.0,461.0,461.0
21/12/2006,11.83,-25(-4.90 %),156400,501.0,501.0,485.0
20/12/2006,12.44,24(4.94 %),220120,510.0,510.0,510.0
19/12/2006,11.86,23(4.97 %),137520,486.0,486.0,486.0
18/12/2006,11.3,22(4.99 %),215790,463.0,463.0,463.0
15/12/2006,10.76,21(5.00 %),265300,441.0,441.0,441.0
14/12/2006,10.25,20(5.00 %),280710,420.0,420.0,420.0
13/12/2006,9.76,0(0.00 %),83530,400.0,400.0,400.0
